dock_id,identifier,canonical_smiles,p_active,is_african_np,vina_score_1,vina_score_2,vina_score_3,n_modes,dock_time_s,dock_ok,out_pdbqt,docking_rank
CNP0286261_0,CNP0286261.0,O=C(CCc1ccccc1)c1c(O)c(Cc2ccccc2O)c2c(c1O)Cc1ccccc1O2,0.3551688316268946,True,-11.86,-11.21,-11.0,9,38.5,True,C:\my_projects_all\portfolio_projects\Msc_project\data\docking\results\CNP0286261_0_out.pdbqt,1
CNP0275186_1,CNP0275186.1,CC(C)C1=CC2=CC=C3[C@@](C)(COC(=O)c4ccc(O)c(O)c4)CCC[C@]3(C)C2=C(O)C1=O,0.3283793219595414,True,-11.13,-10.38,-10.32,9,39.7,True,C:\my_projects_all\portfolio_projects\Msc_project\data\docking\results\CNP0275186_1_out.pdbqt,2
CNP0319845_2,CNP0319845.2,COc1cc2c(cc1OC)[C@@H]1C(=O)c3ccc4c(c3O[C@@H]1CO2)C=CC(C)(C)O4,0.3006177897144911,True,-10.96,-9.446,-7.989,9,9.4,True,C:\my_projects_all\portfolio_projects\Msc_project\data\docking\results\CNP0319845_2_out.pdbqt,3
CNP0110434_2,CNP0110434.2,CC(C)C1=CC2=CC=C3C(C)(C)[C@H](OC(=O)c4ccccc4)CC[C@]3(C)C2=C(O)C1=O,0.412078111672354,True,-10.93,-10.08,-9.565,9,27.7,True,C:\my_projects_all\portfolio_projects\Msc_project\data\docking\results\CNP0110434_2_out.pdbqt,4
CNP0346362_1,CNP0346362.1,CC(C)=CCc1cc([C@@H]2CC(=O)c3c(O)cc(O)cc3O2)cc2c1OC(C)(C)CC2,0.3025321141157355,True,-10.89,-10.25,-10.24,9,18.4,True,C:\my_projects_all\portfolio_projects\Msc_project\data\docking\results\CNP0346362_1_out.pdbqt,5
CNP0346376_1,CNP0346376.1,CC(C)C1=CC2=CC=C3C(C)(C)[C@@H](OC(=O)c4ccccc4)CC[C@]3(C)[C@@H]2C(=O)C1=O,0.4393087380618551,True,-10.69,-10.42,-9.458,9,25.4,True,C:\my_projects_all\portfolio_projects\Msc_project\data\docking\results\CNP0346376_1_out.pdbqt,6
CNP0329927_1,CNP0329927.1,CCN1CC[C@H]2c3ccccc3N[C@@H]2[C@H]1CCCc1nccc2c3cc(O)ccc3n(C)c12,0.3116379032965277,True,-10.64,-10.53,-10.07,9,25.2,True,C:\my_projects_all\portfolio_projects\Msc_project\data\docking\results\CNP0329927_1_out.pdbqt,7
CNP0332712_1,CNP0332712.1,CC(C)=CCc1cc([C@@H]2CC(=O)c3ccc(O)cc3O2)cc2c1OC(C)(C)CC2,0.3044380627780244,True,-10.47,-10.27,-10.17,9,14.4,True,C:\my_projects_all\portfolio_projects\Msc_project\data\docking\results\CNP0332712_1_out.pdbqt,8
CNP0309710_3,CNP0309710.3,CC(C)C1=CC2=CC=C3C(C)(C)C[C@@H](OC(=O)c4ccc(O)cc4)C[C@]3(C)C2=C(O)C1=O,0.344451740613545,True,-10.43,-10.09,-10.05,9,25.7,True,C:\my_projects_all\portfolio_projects\Msc_project\data\docking\results\CNP0309710_3_out.pdbqt,9
CNP0242596_0,CNP0242596.0,Cn1c2c3c(nc-2c(-c2c4nc5ccccc5c-4n(C)c4ccccc24)c2ccccc21)CC=CC3,0.3226138640341636,True,-10.42,-9.618,-9.372,9,22.8,True,C:\my_projects_all\portfolio_projects\Msc_project\data\docking\results\CNP0242596_0_out.pdbqt,10
CNP0169966_0,CNP0169966.0,COc1c(Cc2ccccc2O)c(O)c(Cc2ccccc2O)c(O)c1C(=O)CCc1ccccc1,0.3445210318085917,True,-10.3,-10.25,-10.2,9,56.4,True,C:\my_projects_all\portfolio_projects\Msc_project\data\docking\results\CNP0169966_0_out.pdbqt,11
CNP0205047_1,CNP0205047.1,CC(C)C1=CC2=CC=C3[C@@](C)(COC(=O)c4ccc(O)cc4)CCC[C@]3(C)C2=C(O)C1=O,0.3410590220807744,True,-10.25,-10.03,-9.848,9,28.6,True,C:\my_projects_all\portfolio_projects\Msc_project\data\docking\results\CNP0205047_1_out.pdbqt,12
CNP0240666_2,CNP0240666.2,CC(C)C1=CC2=CC=C3C(C)(C)C[C@@H](OC(=O)c4ccc(O)c(O)c4)C[C@]3(C)C2=C(O)C1=O,0.3324781926651164,True,-10.23,-10.2,-10.1,9,27.8,True,C:\my_projects_all\portfolio_projects\Msc_project\data\docking\results\CNP0240666_2_out.pdbqt,13
CNP0309861_3,CNP0309861.3,O=C1C[C@]23C=CCN4CC[C@H]5c6cc7c(cc6N1[C@@]5(CC2)[C@H]43)OCO7,0.3042257564460611,True,-10.21,-10.15,-9.354,9,4.4,True,C:\my_projects_all\portfolio_projects\Msc_project\data\docking\results\CNP0309861_3_out.pdbqt,14
CNP0163201_1,CNP0163201.1,CC(=O)O[C@@]1(C)CC(=O)c2c(cc3cc(OC/C=C(\C)CCC=C(C)C)cc(O)c3c2O)C1,0.3265329996976595,True,-10.18,-9.999,-9.712,9,39.2,True,C:\my_projects_all\portfolio_projects\Msc_project\data\docking\results\CNP0163201_1_out.pdbqt,15
CNP0215695_1,CNP0215695.1,CC(C)C1=CC2=CC=C3C(C)(C)[C@@H](OC(=O)c4ccccc4)CC[C@]3(C)C2=C(O)[C@H]1O,0.4268048042090845,True,-10.18,-9.92,-9.488,9,29.1,True,C:\my_projects_all\portfolio_projects\Msc_project\data\docking\results\CNP0215695_1_out.pdbqt,16
CNP0201740_1,CNP0201740.1,CC(C)C1=CC2=CC=C3C(C)(C)[C@@H](OC(=O)/C=C/c4ccccc4)CC[C@]3(C)C2=C(O)C1=O,0.3841195299041936,True,-10.15,-10.01,-9.765,9,20.9,True,C:\my_projects_all\portfolio_projects\Msc_project\data\docking\results\CNP0201740_1_out.pdbqt,17
CNP0178940_1,CNP0178940.1,COc1ccc([C@H](CC(=O)O)NC(=O)COc2cc(O)c3c(c2)OC(C)(C)CC3=O)cc1OC,0.5075299317038745,False,-10.13,-9.446,-9.163,9,60.3,True,C:\my_projects_all\portfolio_projects\Msc_project\data\docking\results\CNP0178940_1_out.pdbqt,18
CNP0539885_2,CNP0539885.2,N=c1nc(O)c2c(CCc3ccc(C(=O)N[C@@H](CCC(=O)O)C(=O)O)cc3)c[nH]c2[nH]1,0.6154869783565208,False,-10.03,-9.479,-9.277,9,83.2,True,C:\my_projects_all\portfolio_projects\Msc_project\data\docking\results\CNP0539885_2_out.pdbqt,19
CNP0341387_1,CNP0341387.1,CC(C)=CC(=O)OC[C@@]1(C)CCC[C@@]2(C)C1=CC=C1C=C(C(C)C)C(=O)C(O)=C12,0.3410267777911708,True,-10.02,-9.424,-9.229,9,22.9,True,C:\my_projects_all\portfolio_projects\Msc_project\data\docking\results\CNP0341387_1_out.pdbqt,20
CNP0333434_0,CNP0333434.0,COc1cc2c(cc1-c1cc3cc4ccoc4cc3oc1=O)OCO2,0.3025221207467304,True,-9.981,-9.439,-9.118,9,9.1,True,C:\my_projects_all\portfolio_projects\Msc_project\data\docking\results\CNP0333434_0_out.pdbqt,21
CNP0322154_1,CNP0322154.1,COc1cc2c(cc1[C@@H]1Cc3cc4ccoc4cc3OC1=O)OCO2,0.3553130788314134,True,-9.974,-8.956,-8.802,9,9.9,True,C:\my_projects_all\portfolio_projects\Msc_project\data\docking\results\CNP0322154_1_out.pdbqt,22
CNP0346491_0,CNP0346491.0,c1c2c(c3c4c1CCNc4cc1cc4c(cc13)OCO4)OCO2,0.3317648807687035,True,-9.963,-9.775,-9.257,9,4.1,True,C:\my_projects_all\portfolio_projects\Msc_project\data\docking\results\CNP0346491_0_out.pdbqt,23
CNP0209180_2,CNP0209180.2,CNc1cc2c3ccccc3nc(C(=O)N[C@H](CCC(=O)O)C(=O)C=C(C)C)c2n(C)c1=O,0.5624619969437588,False,-9.962,-9.554,-8.918,9,53.3,True,C:\my_projects_all\portfolio_projects\Msc_project\data\docking\results\CNP0209180_2_out.pdbqt,24
CNP0525275_1,CNP0525275.1,Nc1nc2c(c(=O)[nH]1)[N+]1=CN(c3ccc(C(=O)N[C@@H](CCC(=O)O)C(=O)[O-])cc3)C[C@H]1CN2,0.638816234085922,False,-9.952,-9.23,-9.176,9,48.6,True,C:\my_projects_all\portfolio_projects\Msc_project\data\docking\results\CNP0525275_1_out.pdbqt,25
CNP0506781_1,CNP0506781.1,Nc1nc2c(c(=O)[nH]1)N1C=[N+](c3ccc(C(=O)N[C@@H](CCC(=O)O)C(=O)[O-])cc3)C[C@H]1CN2,0.6434293435409146,False,-9.938,-9.089,-8.973,9,47.6,True,C:\my_projects_all\portfolio_projects\Msc_project\data\docking\results\CNP0506781_1_out.pdbqt,26
CNP0589112_0,CNP0589112.0,N=c1nc(O)c2c([nH]1)NCC(CN(C=O)c1ccc(C(=O)NC(CCC(=O)O)C(=O)O)cc1)N2,0.7010791068021947,False,-9.891,-9.116,-8.889,9,96.1,True,C:\my_projects_all\portfolio_projects\Msc_project\data\docking\results\CNP0589112_0_out.pdbqt,27
CNP0437490_1,CNP0437490.1,N=C1N=C(O)C2=N[C@@H](CNc3ccc(C(=O)N[C@@H](CCC(=O)O)C(=O)O)cc3)CNC2=N1,0.6311309550226892,False,-9.875,-9.508,-9.487,9,63.0,True,C:\my_projects_all\portfolio_projects\Msc_project\data\docking\results\CNP0437490_1_out.pdbqt,28
CNP0463181_1,CNP0463181.1,CC(=O)c1cccc(O[C@H]2C=C(C(=O)N[C@@H](Cc3ccc(O)cc3)C(N)=O)C[C@@H](O)[C@H]2O)c1,0.5063573513897375,False,-9.867,-9.837,-9.684,9,73.5,True,C:\my_projects_all\portfolio_projects\Msc_project\data\docking\results\CNP0463181_1_out.pdbqt,29
CNP0346382_1,CNP0346382.1,COc1cc2c(cc1[C@@H]1C(=O)Oc3cc4occc4cc3C1=O)OCO2,0.4072062482781165,True,-9.836,-9.55,-9.49,9,17.6,True,C:\my_projects_all\portfolio_projects\Msc_project\data\docking\results\CNP0346382_1_out.pdbqt,30
CNP0564846_2,CNP0564846.2,N=c1nc(O)c2c([nH]1)NCC(CNc1ccc(C(=O)N[C@@H](CCC(=O)O)C(=O)O)cc1)N2,0.6441110089776562,False,-9.81,-9.498,-9.258,9,77.0,True,C:\my_projects_all\portfolio_projects\Msc_project\data\docking\results\CNP0564846_2_out.pdbqt,31
CNP0206997_4,CNP0206997.4,CC(=O)O[C@@H]1C(=O)C2=C(C(=O)C[C@@H]3C(C)(C)C(=O)CC[C@]23C)[C@]2(C)C(=O)C[C@H]([C@H](C)CCC(=O)O)[C@@]12C,0.50449755313324,False,-9.803,-7.912,-6.694,9,40.5,True,C:\my_projects_all\portfolio_projects\Msc_project\data\docking\results\CNP0206997_4_out.pdbqt,32
CNP0576794_1,CNP0576794.1,CC(C)=CCc1cccc2nc3cccc(C(=O)N[C@@H](CCC(N)=O)C(=O)O)c3nc12,0.547184592307156,False,-9.774,-9.589,-9.454,9,35.3,True,C:\my_projects_all\portfolio_projects\Msc_project\data\docking\results\CNP0576794_1_out.pdbqt,33
CNP0127038_1,CNP0127038.1,CC(=O)N[C@H](CC(=O)OCc1ccccc1)C(=O)N[C@H](CCC(=O)OCc1ccccc1)C(=O)OCc1ccccc1,0.5296116408510596,False,-9.755,-9.43,-9.283,9,131.8,True,C:\my_projects_all\portfolio_projects\Msc_project\data\docking\results\CNP0127038_1_out.pdbqt,34
CNP0372658_2,CNP0372658.2,C[C@]12CC[C@@H]3[C@H](CCC4=CC(=O)CC[C@@]43C)[C@@H]1CC[C@@H]2OC(=O)CCC(=O)N[C@@H](CCC(=O)O)C(=O)O,0.6262697820611963,False,-9.743,-9.515,-9.444,9,106.8,True,C:\my_projects_all\portfolio_projects\Msc_project\data\docking\results\CNP0372658_2_out.pdbqt,35
CNP0342966_2,CNP0342966.2,Nc1nc(=O)c2c([nH]1)NC[C@H](CNc1ccc(C(=O)N[C@@H](CCC(=O)O)C(=O)O)cc1)N2,0.6816537553033996,False,-9.731,-9.143,-9.026,9,69.1,True,C:\my_projects_all\portfolio_projects\Msc_project\data\docking\results\CNP0342966_2_out.pdbqt,36
CNP0528472_2,CNP0528472.2,CN1c2c(nc(N)[nH]c2=O)NC[C@@H]1CNc1ccc(C(=O)N[C@H](CCC(=O)O)C(=O)O)cc1,0.5883823687741864,False,-9.699,-9.128,-8.974,9,82.4,True,C:\my_projects_all\portfolio_projects\Msc_project\data\docking\results\CNP0528472_2_out.pdbqt,37
CNP0481747_1,CNP0481747.1,Nc1nc(=O)c2c([nH]1)NC[C@@H]1CN(c3ccc(C(=O)N[C@@H](CCC(=O)O)C(=O)[O-])cc3)C=[N+]21,0.6398538933121333,False,-9.666,-9.334,-8.947,9,47.9,True,C:\my_projects_all\portfolio_projects\Msc_project\data\docking\results\CNP0481747_1_out.pdbqt,38
CNP0246819_1,CNP0246819.1,COc1cc2c(cc1OC)[C@@H]1C(=O)c3cc4ccoc4cc3O[C@H]1CC2,0.4062590047665009,True,-9.664,-9.124,-8.878,9,6.8,True,C:\my_projects_all\portfolio_projects\Msc_project\data\docking\results\CNP0246819_1_out.pdbqt,39
CNP0387276_2,CNP0387276.2,CC(C)(C)OC(=O)CC[C@@H](NC(=O)OC(C)(C)C)C(=O)OCC(=O)[C@@]1(O)CC[C@H]2[C@@H]3CCC4=CC(=O)C=C[C@]4(C)[C@H]3[C@@H](O)C[C@@]21C,0.5561508788485662,False,-9.651,-9.371,-9.343,9,149.3,True,C:\my_projects_all\portfolio_projects\Msc_project\data\docking\results\CNP0387276_2_out.pdbqt,40
CNP0167652_5,CNP0167652.5,CC(=O)OC[C@H](Cc1ccccc1)NC(=O)[C@@H](Cc1ccccc1)NC(=O)c1ccccc1,0.4715022895757718,True,-9.646,-9.496,-9.48,9,63.4,True,C:\my_projects_all\portfolio_projects\Msc_project\data\docking\results\CNP0167652_5_out.pdbqt,41
CNP0535059_2,CNP0535059.2,Nc1nc2c(c(=O)[nH]1)N[C@@H](CNc1ccc(C(=O)N[C@@H](CCC(=O)O)C(=O)O)cc1)CN2,0.6696493772361276,False,-9.621,-9.581,-8.908,9,61.5,True,C:\my_projects_all\portfolio_projects\Msc_project\data\docking\results\CNP0535059_2_out.pdbqt,42
CNP0544953_1,CNP0544953.1,N=C1N=C(O)C2=[N+](C=O)[C@H](CNc3ccc(C(=O)N[C@@H](CCC(=O)O)C(=O)O)cc3)CNC2=N1,0.6277247727834001,False,-9.592,-9.385,-9.338,9,95.6,True,C:\my_projects_all\portfolio_projects\Msc_project\data\docking\results\CNP0544953_1_out.pdbqt,43
CNP0477797_2,CNP0477797.2,C[C@@H](CCC(=O)O)[C@H]1CC[C@@H]2[C@H]3C(=O)C[C@@H]4CCCC[C@]4(C)[C@@H]3CC[C@@]21C,0.5139554574897772,False,-9.587,-8.466,-8.24,9,23.8,True,C:\my_projects_all\portfolio_projects\Msc_project\data\docking\results\CNP0477797_2_out.pdbqt,44
CNP0074723_1,CNP0074723.1,CN1c2c([nH]c(N)nc2=O)NCC1CCNc1ccc(C(=O)N[C@@H](CCC(=O)O)C(=O)O)cc1,0.6517807925795331,False,-9.583,-9.123,-9.113,9,76.1,True,C:\my_projects_all\portfolio_projects\Msc_project\data\docking\results\CNP0074723_1_out.pdbqt,45
CNP0218498_4,CNP0218498.4,Nc1nc(=O)c2c([nH]1)NCC(CNc1ccc(C(=O)N[C@H](CCC(=O)O)C(=O)O)cc1)N2C=O,0.5624452526925735,False,-9.565,-9.334,-8.966,9,97.4,True,C:\my_projects_all\portfolio_projects\Msc_project\data\docking\results\CNP0218498_4_out.pdbqt,46
CNP0282274_0,CNP0282274.0,COc1cc2oc(-c3ccccc3)cc(=O)c2c(OC)c1-c1cc(=O)c(OC)c(C)o1,0.3016957226788885,True,-9.563,-9.148,-8.618,9,21.9,True,C:\my_projects_all\portfolio_projects\Msc_project\data\docking\results\CNP0282274_0_out.pdbqt,47
CNP0346501_1,CNP0346501.1,C=CC[C@@]12C[C@]3(C[C@H](C)[C@@H]1c1cc(OC)c4c(c1)OCO4)OCOC3=CC2=O,0.3162404404429907,True,-9.563,-9.315,-8.1,9,13.5,True,C:\my_projects_all\portfolio_projects\Msc_project\data\docking\results\CNP0346501_1_out.pdbqt,48
CNP0257972_0,CNP0257972.0,Nc1nc(=O)c2c([nH]1)NCC(CN(C=O)c1ccc(C(=O)NC(CCC(=O)O)C(=O)O)cc1)=N2,0.7014525423789645,False,-9.56,-9.148,-9.056,9,93.9,True,C:\my_projects_all\portfolio_projects\Msc_project\data\docking\results\CNP0257972_0_out.pdbqt,49
CNP0195150_0,CNP0195150.0,CC(=O)c1nc(C(=O)NC(CCC(=O)O)C(=O)O)cc2c1[nH]c1ccccc12,0.6084507214176728,False,-9.501,-8.9,-8.864,9,41.4,True,C:\my_projects_all\portfolio_projects\Msc_project\data\docking\results\CNP0195150_0_out.pdbqt,50
CNP0355142_0,CNP0355142.0,CN1CCc2cc3c(c4c2c1cc1cc2c(cc14)OCO2)OCO3,0.3158273059280632,True,-9.5,-9.477,-9.236,9,4.2,True,C:\my_projects_all\portfolio_projects\Msc_project\data\docking\results\CNP0355142_0_out.pdbqt,51
CNP0346216_1,CNP0346216.1,C=C/C=C(C=C)/C=C/C(=O)O[C@H]1[C@@H]2C=CO[C@H](O[C@@H]3O[C@H](CO)[C@@H](O)[C@@H](O)[C@H]3O)[C@H]2[C@]2(CO)O[C@H]12,0.3015621222213457,True,-9.495,-9.09,-8.599,9,82.2,True,C:\my_projects_all\portfolio_projects\Msc_project\data\docking\results\CNP0346216_1_out.pdbqt,52
CNP0507737_1,CNP0507737.1,Nc1nc(=O)c2c([nH]1)NCC(CN(C=O)c1ccc(C(=O)N[C@@H](CCC(=O)O)C(=O)O)cc1)N2,0.7259881738988141,False,-9.491,-9.251,-9.244,9,94.1,True,C:\my_projects_all\portfolio_projects\Msc_project\data\docking\results\CNP0507737_1_out.pdbqt,53
CNP0389131_28,CNP0389131.28,CC[C@H](/C=C/[C@H](C)[C@H]1CC[C@@H]2[C@H]3CC=C4C[C@@H](O)CC[C@@]4(C)[C@@H]3CC[C@]21C)C(C)C,0.3203467857503427,True,-9.452,-9.011,-8.405,9,20.3,True,C:\my_projects_all\portfolio_projects\Msc_project\data\docking\results\CNP0389131_28_out.pdbqt,54
CNP0330111_1,CNP0330111.1,C=C(CC[C@@H](C)[C@H]1CC[C@@]2(C)[C@@H]3CC[C@@H]4C(C)(C)C(=O)C(O)=C[C@]4(C)[C@H]3CC[C@]12C)C(C)C,0.3485723276327141,True,-9.438,-9.412,-9.011,9,23.1,True,C:\my_projects_all\portfolio_projects\Msc_project\data\docking\results\CNP0330111_1_out.pdbqt,55
CNP0221435_4,CNP0221435.4,C=C(C)[C@H]1Cc2c(cc(O)c3c2O[C@H]2COc4cc(OC)c(OC)cc4[C@@H]2C3=O)O1,0.3153634836843372,True,-9.433,-9.273,-9.207,9,12.5,True,C:\my_projects_all\portfolio_projects\Msc_project\data\docking\results\CNP0221435_4_out.pdbqt,56
CNP0346379_1,CNP0346379.1,C=C(C)[C@H]1C=Cc2c(ccc3c2O[C@@H]2COc4cc(OC)c(OC)cc4[C@@H]2C3=O)O1,0.3242042855763716,True,-9.411,-9.038,-8.195,9,10.3,True,C:\my_projects_all\portfolio_projects\Msc_project\data\docking\results\CNP0346379_1_out.pdbqt,57
CNP0177974_4,CNP0177974.4,CC(C)=CCC/C(=C/CC/C(C)=C/CC[C@@]1(C)C=Cc2cc(O)cc(C)c2O1)C(=O)O,0.3542295365169819,True,-9.41,-9.056,-8.943,9,47.9,True,C:\my_projects_all\portfolio_projects\Msc_project\data\docking\results\CNP0177974_4_out.pdbqt,58
CNP0601223_1,CNP0601223.1,C[N+]1=C2C(O)=NC(=N)N=C2NC[C@@H]1CNc1ccc(C(=O)N[C@@H](CCC(=O)O)C(=O)O)cc1,0.6367314514511905,False,-9.408,-9.187,-9.166,9,66.5,True,C:\my_projects_all\portfolio_projects\Msc_project\data\docking\results\CNP0601223_1_out.pdbqt,59
CNP0346184_0,CNP0346184.0,COc1cc2c(cc1OC)C(Cc1ccc(OCc3ccccc3)c(OC)c1)=NCC2,0.5463314058064613,False,-9.407,-9.381,-9.286,9,28.1,True,C:\my_projects_all\portfolio_projects\Msc_project\data\docking\results\CNP0346184_0_out.pdbqt,60
CNP0169938_1,CNP0169938.1,Nc1nc2c(c(=O)[nH]1)N[C@@H](CN(C=O)c1ccc(C(=O)N[C@@H](CCC(=O)O)C(=O)O)cc1)CN2,0.7149112191157967,False,-9.395,-9.013,-8.88,9,86.0,True,C:\my_projects_all\portfolio_projects\Msc_project\data\docking\results\CNP0169938_1_out.pdbqt,61
CNP0198269_1,CNP0198269.1,CC(C)=CCCc1cc(/C=C/C(=O)c2cc3c(cc2O)O[C@@H](C(C)(C)O)C3)ccc1O,0.3345689983672071,True,-9.379,-9.34,-9.214,9,33.0,True,C:\my_projects_all\portfolio_projects\Msc_project\data\docking\results\CNP0198269_1_out.pdbqt,62
CNP0315999_0,CNP0315999.0,CC(C)=CCCC(C)=CCOc1cc(O)c2c(c1)Cc1cc(C)cc(O)c1C2=O,0.3289914322516444,True,-9.371,-9.344,-9.327,9,26.6,True,C:\my_projects_all\portfolio_projects\Msc_project\data\docking\results\CNP0315999_0_out.pdbqt,63
CNP0414251_1,CNP0414251.1,CC(=O)[C@@H]1CC[C@]2(C)CC[C@]3(C)[C@H](CC[C@@H]4[C@@]5(C)CC[C@H](O)C(C)(C)[C@@H]5CC[C@]43C)[C@@H]12,0.3827212591469293,True,-9.34,-8.962,-8.906,9,10.8,True,C:\my_projects_all\portfolio_projects\Msc_project\data\docking\results\CNP0414251_1_out.pdbqt,64
CNP0346321_1,CNP0346321.1,C=C(CO)[C@H]1Cc2c(ccc3c2O[C@H]2CCc4cc(OC)c(OC)cc4[C@@H]2C3=O)O1,0.4019833001501217,True,-9.338,-8.663,-7.842,9,24.1,True,C:\my_projects_all\portfolio_projects\Msc_project\data\docking\results\CNP0346321_1_out.pdbqt,65
CNP0602969_1,CNP0602969.1,Nc1nc2c(c(=O)[nH]1)N=C(CN(C=O)c1ccc(C(=O)N[C@@H](CCC(=O)O)C(=O)O)cc1)CN2,0.6915890438451003,False,-9.333,-8.916,-8.915,9,85.1,True,C:\my_projects_all\portfolio_projects\Msc_project\data\docking\results\CNP0602969_1_out.pdbqt,66
CNP0200637_3,CNP0200637.3,COc1ccc2c(c1CC=C(C)C)O[C@@H]1c3ccc(O)cc3OC[C@@]21O,0.3004750014280906,True,-9.332,-9.217,-8.785,9,11.9,True,C:\my_projects_all\portfolio_projects\Msc_project\data\docking\results\CNP0200637_3_out.pdbqt,67
CNP0134162_1,CNP0134162.1,COc1cc2c(cc1OC)[C@@H](c1ccc3c(c1)OCO3)[C@H]1C(=O)OC[C@@H]1C2,0.3581542100443056,True,-9.326,-8.82,-8.559,9,10.9,True,C:\my_projects_all\portfolio_projects\Msc_project\data\docking\results\CNP0134162_1_out.pdbqt,68
CNP0060964_0,CNP0060964.0,Nc1nc(N)c2c(n1)NCC(CNc1ccc(C(=O)NC(CCC(=O)O)C(=O)O)cc1)N2,0.7471226175736685,False,-9.308,-9.028,-8.944,9,95.8,True,C:\my_projects_all\portfolio_projects\Msc_project\data\docking\results\CNP0060964_0_out.pdbqt,69
CNP0478153_1,CNP0478153.1,COc1cc(=O)n(C)c2c(C(=O)N[C@@H](CCC(=O)O)C(=O)C=C(C)C)nc3ccccc3c12,0.5485215909414126,False,-9.289,-9.272,-9.255,9,36.1,True,C:\my_projects_all\portfolio_projects\Msc_project\data\docking\results\CNP0478153_1_out.pdbqt,70
CNP0239591_1,CNP0239591.1,C[C@@H]1CO[C@](O)(OC2=C(c3ccc(O)c(O)c3)Cc3cc(O)cc(O)c3C2=O)[C@H](O)[C@H]1O,0.3624987753214633,True,-9.273,-8.841,-8.245,9,42.6,True,C:\my_projects_all\portfolio_projects\Msc_project\data\docking\results\CNP0239591_1_out.pdbqt,71
CNP0518341_1,CNP0518341.1,Nc1nc2c(c(=O)[nH]1)N(C=O)C[C@H](CNc1ccc(C(=O)N[C@H](CCC(=O)O)C(=O)O)cc1)N2,0.6333909283428877,False,-9.265,-9.008,-8.967,9,75.8,True,C:\my_projects_all\portfolio_projects\Msc_project\data\docking\results\CNP0518341_1_out.pdbqt,72
CNP0083635_1,CNP0083635.1,N=CN1c2c(nc(N)[nH]c2=O)NC[C@@H]1CNc1ccc(C(=O)N[C@@H](CCC(=O)O)C(=O)O)cc1,0.5894410678929491,False,-9.264,-9.23,-8.774,9,102.2,True,C:\my_projects_all\portfolio_projects\Msc_project\data\docking\results\CNP0083635_1_out.pdbqt,73
CNP0325228_0,CNP0325228.0,C=C1OC=C(c2c(OC)cc3oc(-c4ccccc4)cc(=O)c3c2OC)C1=O,0.31236578776266,True,-9.25,-8.879,-8.409,9,13.9,True,C:\my_projects_all\portfolio_projects\Msc_project\data\docking\results\CNP0325228_0_out.pdbqt,74
CNP0236620_27,CNP0236620.27,CC[C@H](CC[C@H](C)[C@H]1CC[C@@H]2[C@H]3CC=C4C[C@@H](O)CC[C@@]4(C)[C@@H]3CC[C@]21C)C(C)C,0.3105495057910009,True,-9.234,-8.487,-8.443,9,23.6,True,C:\my_projects_all\portfolio_projects\Msc_project\data\docking\results\CNP0236620_27_out.pdbqt,75
CNP0161258_2,CNP0161258.2,CC[C@H]1CN2CCc3cc(OC)c(OC)cc3[C@@H]2C[C@@H]1C[C@H]1NCCc2cc(OC)c(OC)cc21,0.3099005108150825,True,-9.23,-9.186,-8.979,9,33.9,True,C:\my_projects_all\portfolio_projects\Msc_project\data\docking\results\CNP0161258_2_out.pdbqt,76
CNP0244730_1,CNP0244730.1,CC(=O)OC[C@H]1[C@H]2[C@@H](OC(C)=O)C[C@@H](C)[C@](C)(CCC3=CC(=O)OC3)[C@@H]2CC[C@]12CO2,0.3299715547464231,True,-9.223,-8.6,-8.548,9,30.1,True,C:\my_projects_all\portfolio_projects\Msc_project\data\docking\results\CNP0244730_1_out.pdbqt,77
CNP0234315_3,CNP0234315.3,CC(=O)O[C@@H]1CC[C@@]2(C)C(=CC[C@H]3[C@H]4CC[C@H]([C@H](C)CCC(=O)O)[C@@]4(C)CC[C@@H]32)C1,0.5018033213941469,False,-9.206,-9.094,-8.05,9,36.2,True,C:\my_projects_all\portfolio_projects\Msc_project\data\docking\results\CNP0234315_3_out.pdbqt,78
CNP0167911_1,CNP0167911.1,N=C(N)NCCC[C@@H](NC(=O)c1ccc(OC(=O)c2ccc(O)cc2)cc1)C(=O)O,0.5388834369277833,False,-9.192,-9.162,-9.033,9,51.3,True,C:\my_projects_all\portfolio_projects\Msc_project\data\docking\results\CNP0167911_1_out.pdbqt,79
CNP0405993_1,CNP0405993.1,C=C(C)[C@H]1Cc2c(ccc3c2O[C@H]2CCc4cc(OC)c(OC)cc4[C@@H]2C3=O)O1,0.403172452821732,True,-9.182,-8.55,-8.403,9,10.8,True,C:\my_projects_all\portfolio_projects\Msc_project\data\docking\results\CNP0405993_1_out.pdbqt,80
CNP0272634_1,CNP0272634.1,CC[C@@H](C)C/C=C/[C@H](C)[C@@H]1CC[C@H]2[C@H]3CC=C4C[C@H](O)CC[C@@]4(C)[C@H]3CC[C@]21C,0.3296821822074283,True,-9.178,-9.086,-8.963,9,20.2,True,C:\my_projects_all\portfolio_projects\Msc_project\data\docking\results\CNP0272634_1_out.pdbqt,81
CNP0253259_1,CNP0253259.1,CC(C)CCC(=O)Nc1ccn([C@H]2CC[C@H](O[C@H]3O[C@H](C)[C@@H](N(C)C)[C@H](O)[C@H]3O)[C@@H](C)O2)c(=O)n1,0.5260817704141874,False,-9.168,-9.007,-8.44,9,48.6,True,C:\my_projects_all\portfolio_projects\Msc_project\data\docking\results\CNP0253259_1_out.pdbqt,82
CNP0346252_1,CNP0346252.1,CC(=O)O[C@@H]1CC[C@]23C[C@]24C(=O)C[C@@H]2[C@H]5[C@H](C)[C@H](C)CC[C@@]5(C)CC[C@@]2(C)[C@]4(C)CC[C@@H]3C1(C)C,0.3905333917030251,True,-9.158,-5.971,-5.665,9,15.1,True,C:\my_projects_all\portfolio_projects\Msc_project\data\docking\results\CNP0346252_1_out.pdbqt,83
CNP0172245_1,CNP0172245.1,NC1=NC(=O)[C+]2N[C@@H](CNc3ccc(C(=O)N[C@@H](CCC(=O)O)C(=O)O)cc3)CNC2=N1,0.6411153040914691,False,-9.153,-8.992,-8.911,9,62.9,True,C:\my_projects_all\portfolio_projects\Msc_project\data\docking\results\CNP0172245_1_out.pdbqt,84
CNP0367571_1,CNP0367571.1,O=C(O)CC[C@H](NC(=O)[C@H](CC(=O)OCc1ccccc1)NC(=O)OCc1ccccc1)C(=O)O,0.5169530937981288,False,-9.129,-8.99,-8.757,9,94.6,True,C:\my_projects_all\portfolio_projects\Msc_project\data\docking\results\CNP0367571_1_out.pdbqt,85
CNP0422843_2,CNP0422843.2,COc1ccc2c(c1)C[C@H]1NCCc3cc4c(c-2c31)OCO4,0.3063106915263286,True,-9.125,-9.024,-9.004,9,5.0,True,C:\my_projects_all\portfolio_projects\Msc_project\data\docking\results\CNP0422843_2_out.pdbqt,86
CNP0346599_1,CNP0346599.1,CC(C)[C@](O)(C=O)CC[C@H](C)[C@H]1CC[C@@H]2[C@H]3CC=C4C[C@@H](O)CC[C@@]4(C)[C@@H]3CC[C@]21C,0.3241112177777453,True,-9.052,-8.576,-8.469,9,28.3,True,C:\my_projects_all\portfolio_projects\Msc_project\data\docking\results\CNP0346599_1_out.pdbqt,87
CNP0346251_1,CNP0346251.1,CC1(C)[C@H](O)CC[C@@]2(C)[C@@H]1CC[C@]1(CO1)[C@@H]2CC/C=C1/C(=O)OC[C@@H]1O,0.3538281157159916,True,-9.045,-8.76,-8.663,9,13.7,True,C:\my_projects_all\portfolio_projects\Msc_project\data\docking\results\CNP0346251_1_out.pdbqt,88
CNP0343476_1,CNP0343476.1,O=C1C(O[C@@H]2O[C@H](CO)[C@H](O)[C@@H]2O)=C(c2ccc(O)c(O)c2)Cc2cc(O)cc(O)c21,0.3197778706789255,True,-9.039,-8.869,-8.577,9,41.0,True,C:\my_projects_all\portfolio_projects\Msc_project\data\docking\results\CNP0343476_1_out.pdbqt,89
CNP0193096_0,CNP0193096.0,COc1cc2c(-c3ccc4c(c3)OCO4)c3c(cc2c(OC)c1OC)COC3=O,0.3284374624954547,True,-9.028,-8.782,-8.707,9,14.9,True,C:\my_projects_all\portfolio_projects\Msc_project\data\docking\results\CNP0193096_0_out.pdbqt,90
CNP0158963_1,CNP0158963.1,CC(C)=C[C@H](C)C[C@H](C)/C=C(\C)C(=O)NC1=C[C@](O)(CCCCC(=O)O)[C@@H](O)CC1=O,0.5540427251443647,False,-9.02,-8.741,-8.423,9,68.9,True,C:\my_projects_all\portfolio_projects\Msc_project\data\docking\results\CNP0158963_1_out.pdbqt,91
CNP0484619_1,CNP0484619.1,CCC1=C[C@@H]2Cc3nc4cc(Cl)ccc4c(N)c3[C@H](C1)C2,0.5171931786084456,False,-9.014,-8.648,-8.409,9,6.0,True,C:\my_projects_all\portfolio_projects\Msc_project\data\docking\results\CNP0484619_1_out.pdbqt,92
CNP0214159_8,CNP0214159.8,C=C(C)[C@H]1CC[C@]2(C)CC[C@]3(C)[C@@H](CC[C@H]4[C@@]5(C)CCC(=O)C(C)(C)[C@H]5CC[C@]43C)[C@H]12,0.3830512772186465,True,-9.004,-8.646,-8.48,9,9.6,True,C:\my_projects_all\portfolio_projects\Msc_project\data\docking\results\CNP0214159_8_out.pdbqt,93
CNP0126487_2,CNP0126487.2,CC(C)=CCC/C(C)=C/Cc1c(O)cc2c(c1O)C(=O)[C@@H](O)[C@H](c1ccc(O)cc1)O2,0.3351961048767214,True,-9.001,-8.863,-8.72,9,38.4,True,C:\my_projects_all\portfolio_projects\Msc_project\data\docking\results\CNP0126487_2_out.pdbqt,94
CNP0237026_1,CNP0237026.1,C=C(C)[C@@H]1CC[C@]2(C)CC[C@@H]3[C@H](CC[C@H]4[C@@]3(C)CC=C3C(C)(C)[C@@H](O)CC[C@@]34C)[C@H]12,0.3095745886930968,True,-8.987,-8.597,-5.788,9,12.9,True,C:\my_projects_all\portfolio_projects\Msc_project\data\docking\results\CNP0237026_1_out.pdbqt,95
CNP0391135_1,CNP0391135.1,CC(C)C[C@H](NC(=O)CCC(=O)O[C@@H]1O[C@@H]2O[C@@]3(C)CC[C@H]4[C@H](C)CC[C@@H]([C@H]1C)[C@@]24OO3)C(=O)N[C@@H](CCC(=O)O)C(=O)O,0.6239093966188334,False,-8.985,-8.569,-8.422,9,247.1,True,C:\my_projects_all\portfolio_projects\Msc_project\data\docking\results\CNP0391135_1_out.pdbqt,96
CNP0511745_5,CNP0511745.5,Nc1nc(O)c2c(n1)NC[C@@H](CNc1ccc(C(=O)N[C@@H](CCC(=O)O)C(=O)O)cc1)N2C=O,0.5414699981701235,False,-8.98,-8.749,-8.632,9,66.8,True,C:\my_projects_all\portfolio_projects\Msc_project\data\docking\results\CNP0511745_5_out.pdbqt,97
CNP0199444_1,CNP0199444.1,C=C[C@]12[C@H](CC)OC(=O)C(=C)[C@H]1[C@@H]1OC(=O)C(=C)[C@H]1[C@H](OC(=O)CCO)[C@@H]2O,0.389256905077226,True,-8.958,-7.565,-7.101,9,21.7,True,C:\my_projects_all\portfolio_projects\Msc_project\data\docking\results\CNP0199444_1_out.pdbqt,98
CNP0351538_1,CNP0351538.1,CC(/C=C/C(=O)N[C@@H](CCC(=O)O)C(=O)O)=C\[C@@H](C)C(=O)c1ccc(N(C)C)cc1,0.5752097542141232,False,-8.957,-8.801,-8.606,9,71.1,True,C:\my_projects_all\portfolio_projects\Msc_project\data\docking\results\CNP0351538_1_out.pdbqt,99
CNP0284027_1,CNP0284027.1,C=C(C)[C@@H](O)CCc1cc(C(=O)/C=C/c2ccc(O)c(CC/C(C)=C/C)c2)c(O)cc1O,0.3424231977045264,True,-8.944,-8.89,-8.845,9,51.2,True,C:\my_projects_all\portfolio_projects\Msc_project\data\docking\results\CNP0284027_1_out.pdbqt,100
CNP0358928_4,CNP0358928.4,CO[C@H]1C[C@H](O[C@@H]2CC[C@@]3(C)[C@@H](CC[C@@H]4[C@@H]3CC[C@]3(C)[C@@H](C(C)=O)CC[C@@]43O)C2)O[C@H](C)[C@H]1N,0.3386136885534143,True,-8.935,-8.09,-7.978,9,33.0,True,C:\my_projects_all\portfolio_projects\Msc_project\data\docking\results\CNP0358928_4_out.pdbqt,101
CNP0320794_1,CNP0320794.1,CC(C)[C@](C=O)(CC[C@H](C)[C@H]1CC[C@@H]2[C@H]3CC=C4C[C@@H](O)CC[C@@]4(C)[C@@H]3CC[C@]21C)OO,0.3487058715176891,True,-8.913,-8.269,-8.123,9,33.1,True,C:\my_projects_all\portfolio_projects\Msc_project\data\docking\results\CNP0320794_1_out.pdbqt,102
CNP0214030_0,CNP0214030.0,CC=C1OC=C(c2c(OC)cc3oc(-c4ccccc4)cc(=O)c3c2OC)C1=O,0.3085475630179229,True,-8.905,-8.727,-8.496,9,16.2,True,C:\my_projects_all\portfolio_projects\Msc_project\data\docking\results\CNP0214030_0_out.pdbqt,103
CNP0225677_1,CNP0225677.1,CO[C@H]1C=CC2=CC(=O)N3CCc4cc5c(cc4[C@]23C1)OCO5,0.3048121820299162,True,-8.897,-8.581,-8.439,9,5.8,True,C:\my_projects_all\portfolio_projects\Msc_project\data\docking\results\CNP0225677_1_out.pdbqt,104
CNP0146759_1,CNP0146759.1,COc1cc([C@H]2CC(=O)c3ccc(O)cc3O2)cc(CCC(C)C)c1O,0.3015504831702834,True,-8.895,-8.858,-8.588,9,17.9,True,C:\my_projects_all\portfolio_projects\Msc_project\data\docking\results\CNP0146759_1_out.pdbqt,105
CNP0346266_1,CNP0346266.1,CC[C@]1(C)OC[C@H]2CC(=O)[C@@H]3[C@@H]([C@@H]21)[C@H](O)C[C@]1(C)[C@H](c2ccoc2)OC(=O)[C@@H]2O[C@@]321,0.310190704586094,True,-8.877,-8.281,-7.617,9,12.5,True,C:\my_projects_all\portfolio_projects\Msc_project\data\docking\results\CNP0346266_1_out.pdbqt,106
CNP0420070_1,CNP0420070.1,Nc1nc(O)c2c(n1)N[C@@H](CNc1ccc(C(=O)N[C@H](CCC(=O)O)C(=O)O)cc1)CN2C=O,0.6139249201449706,False,-8.867,-8.859,-8.601,9,114.7,True,C:\my_projects_all\portfolio_projects\Msc_project\data\docking\results\CNP0420070_1_out.pdbqt,107
CNP0210282_1,CNP0210282.1,COc1cc([C@H]2COc3cc4occc4cc3C2=O)c(OC)cc1C,0.3168532703390885,True,-8.863,-8.799,-8.59,9,10.3,True,C:\my_projects_all\portfolio_projects\Msc_project\data\docking\results\CNP0210282_1_out.pdbqt,108
CNP0132130_1,CNP0132130.1,CC1(C)CC[C@]2(C(=O)O)CC=C3[C@]4(C)CC[C@@H]5[C@](C)(CCC[C@]5(C)O)[C@H]4CC[C@@]3(C)[C@@H]2C1,0.3288999614347885,True,-8.86,-6.096,-5.771,9,13.4,True,C:\my_projects_all\portfolio_projects\Msc_project\data\docking\results\CNP0132130_1_out.pdbqt,109
CNP0360554_1,CNP0360554.1,NC(=O)[C@H](CCC(=O)O)NC(=O)C1=C[C@@H](NC(=O)CC2(CC(=O)O)CCCC2)[C@@H](O)[C@H](O)C1,0.5533234602490523,False,-8.843,-8.756,-8.446,9,74.6,True,C:\my_projects_all\portfolio_projects\Msc_project\data\docking\results\CNP0360554_1_out.pdbqt,110
CNP0233604_1,CNP0233604.1,COc1cc2c(cc1OC)-c1c(OC)c(OC)cc3c1[C@H](C2)N(C)CC3,0.4026184896180764,True,-8.838,-8.485,-8.089,9,13.7,True,C:\my_projects_all\portfolio_projects\Msc_project\data\docking\results\CNP0233604_1_out.pdbqt,111
CNP0107306_0,CNP0107306.0,Nc1nc2c(c(=O)[nH]1)N(C=O)C(CNc1ccc(C(=O)NC(CCC(=O)O)CC(=O)O)cc1)CN2,0.5365716748846809,False,-8.829,-8.603,-8.556,9,73.1,True,C:\my_projects_all\portfolio_projects\Msc_project\data\docking\results\CNP0107306_0_out.pdbqt,112
CNP0255576_1,CNP0255576.1,CC[C@@H](CC[C@H](C)[C@H]1CC[C@@H]2[C@H]3CC=C4C[C@@H](O)CC[C@@]4(C)[C@@H]3CC[C@]21C)C(C)=O,0.3315723441827398,True,-8.82,-8.661,-8.538,9,23.9,True,C:\my_projects_all\portfolio_projects\Msc_project\data\docking\results\CNP0255576_1_out.pdbqt,113
CNP0170340_3,CNP0170340.3,CC(=O)[C@@H]1CC[C@]2(C(=O)O)CC[C@]3(C)[C@H](CC[C@@H]4[C@@]5(C)CC[C@H](O)C(C)(C)[C@@H]5CC[C@]43C)[C@@H]12,0.3989934735854823,True,-8.804,-5.704,-5.678,9,14.8,True,C:\my_projects_all\portfolio_projects\Msc_project\data\docking\results\CNP0170340_3_out.pdbqt,114
CNP0220113_3,CNP0220113.3,CC1(C)[C@@H](O)CC[C@]2(C)[C@H](C/C=C3\C(=O)OC[C@@H]3O)[C@]3(CC[C@@H]12)CO3,0.3478929347464699,True,-8.78,-8.422,-8.264,9,12.0,True,C:\my_projects_all\portfolio_projects\Msc_project\data\docking\results\CNP0220113_3_out.pdbqt,115
CNP0346417_1,CNP0346417.1,COc1ccc([C@H]2CC(=O)c3c(O)cc(OC[C@@H](O)[C@@H](O)[C@H](O)[C@@H](O)C=O)cc3O2)cc1,0.3156649486934954,True,-8.765,-8.301,-8.039,9,57.4,True,C:\my_projects_all\portfolio_projects\Msc_project\data\docking\results\CNP0346417_1_out.pdbqt,116
CNP0211797_1,CNP0211797.1,COc1ccc2c(c1O)-c1c(OC)c(OC)cc3c1[C@H](C2)N(C)CC3,0.3359355230714687,True,-8.739,-8.658,-8.157,9,9.6,True,C:\my_projects_all\portfolio_projects\Msc_project\data\docking\results\CNP0211797_1_out.pdbqt,117
CNP0362107_6,CNP0362107.6,CC1(C)CC[C@]2(C)CC[C@]3(C)C(=CC[C@@H]4[C@@]5(C)CC[C@H](O)C(C)(C)[C@@H]5CC[C@]43C)[C@H]2C1,0.3466917664632514,True,-8.739,-7.552,-6.704,9,9.7,True,C:\my_projects_all\portfolio_projects\Msc_project\data\docking\results\CNP0362107_6_out.pdbqt,118
CNP0346465_1,CNP0346465.1,C=C(CC[C@H](C)[C@H]1CC[C@]2(C)C[C@@H]3CC[C@@H]4C(C)(C)[C@@H](O)CC[C@@]45C[C@@]35C[C@@]12C)C(C)C,0.3133711168815723,True,-8.728,-8.439,-7.59,9,22.9,True,C:\my_projects_all\portfolio_projects\Msc_project\data\docking\results\CNP0346465_1_out.pdbqt,119
CNP0346217_1,CNP0346217.1,CC(=O)O[C@H]1CCC(C)(C)[C@@]2(O)[C@@H](O)[C@H]3C(=O)C4=C(C[C@@H]3C[C@@H]12)OCC4,0.3796260540111774,True,-8.686,-8.582,-8.472,9,11.3,True,C:\my_projects_all\portfolio_projects\Msc_project\data\docking\results\CNP0346217_1_out.pdbqt,120
CNP0071346_1,CNP0071346.1,CC(C)CCC(=O)Nc1ccn([C@H]2CC[C@H](O)[C@@H](C)O2)c(=O)n1,0.506344362958513,False,-8.645,-8.141,-8.132,9,20.1,True,C:\my_projects_all\portfolio_projects\Msc_project\data\docking\results\CNP0071346_1_out.pdbqt,121
CNP0196776_3,CNP0196776.3,COC(=O)/C(=C\C[C@@H]1[C@@]2(CC[C@@H]3C(C)(C)CCC[C@@]31C)CO2)[C@@H]1CO1,0.3106107229882026,True,-8.645,-7.736,-7.491,9,12.6,True,C:\my_projects_all\portfolio_projects\Msc_project\data\docking\results\CNP0196776_3_out.pdbqt,122
CNP0198240_6,CNP0198240.6,CC(=O)O[C@@H]1CC[C@@]2(C)[C@H]3CC=C4[C@H]5CC(C)(C)CC[C@@]5(C)CC[C@@]4(C)[C@@]3(C)CC[C@H]2C1(C)C,0.3885864293453935,True,-8.638,-6.396,-5.849,9,13.5,True,C:\my_projects_all\portfolio_projects\Msc_project\data\docking\results\CNP0198240_6_out.pdbqt,123
CNP0232429_1,CNP0232429.1,C[C@H]1C[C@@H]2[C@@H](C(=O)O)C[C@]34C[C@]35CC[C@@H]3C(C)(C)[C@H](O)[C@@H](O)C[C@]3(C)[C@H]5CC=C4[C@H]2C[C@@]1(C)O,0.3550112391750042,True,-8.632,-7.378,-7.198,9,21.2,True,C:\my_projects_all\portfolio_projects\Msc_project\data\docking\results\CNP0232429_1_out.pdbqt,124
CNP0346598_1,CNP0346598.1,COc1cc2c(cc1OC)-c1c(OCO)c(OCO)cc3c1[C@H](C2)N(C)CC3,0.3854446584743277,True,-8.631,-8.433,-8.146,9,18.9,True,C:\my_projects_all\portfolio_projects\Msc_project\data\docking\results\CNP0346598_1_out.pdbqt,125
CNP0317326_1,CNP0317326.1,C[C@@H](CCC(=O)N[C@@H](CCC(N)=O)C(=O)O)[C@H]1CC[C@H]2[C@H](CCC(=O)O)C(=O)CC[C@]12C,0.6292619223694033,False,-8.622,-8.294,-8.188,9,71.8,True,C:\my_projects_all\portfolio_projects\Msc_project\data\docking\results\CNP0317326_1_out.pdbqt,126
CNP0187572_1,CNP0187572.1,CC(=O)O[C@]1(C(=O)COC(=O)CCC(=O)NC(CCC(=O)O)C(=O)O)CC[C@H]2[C@@H]3CCC4=CC(=O)CC[C@]4(C)[C@H]3CC[C@@]21C,0.6151215980810192,False,-8.61,-8.432,-8.363,9,224.6,True,C:\my_projects_all\portfolio_projects\Msc_project\data\docking\results\CNP0187572_1_out.pdbqt,127
CNP0346383_1,CNP0346383.1,COc1cc([C@@H]2COc3cc4occc4cc3C2=O)cc(OC)c1OC,0.3320137149641117,True,-8.607,-8.586,-8.39,9,11.6,True,C:\my_projects_all\portfolio_projects\Msc_project\data\docking\results\CNP0346383_1_out.pdbqt,128
CNP0228214_4,CNP0228214.4,CC1(C)[C@@H](O)CC[C@]2(C)[C@H]1CC[C@]13C[C@H](CC[C@@H]12)[C@@](O)(CO)C3,0.3392814627952144,True,-8.589,-7.643,-7.319,9,8.8,True,C:\my_projects_all\portfolio_projects\Msc_project\data\docking\results\CNP0228214_4_out.pdbqt,129
CNP0136355_1,CNP0136355.1,C=C1[C@@H]2CC[C@]3([C@H](C)C[C@@H]4[C@@]5(C)CCC[C@@]4(C=NC5)[C@H]3C2)[C@@H]1O,0.3697966362854984,True,-8.563,-8.275,-8.23,9,5.6,True,C:\my_projects_all\portfolio_projects\Msc_project\data\docking\results\CNP0136355_1_out.pdbqt,130
CNP0229300_3,CNP0229300.3,C=C[C@@]12COC(=O)C(=C)[C@H]1[C@@H]1OC(=O)C(=C)[C@@H]1[C@@H](OC(=O)C(=C)CO)C2,0.3301030508967206,True,-8.552,-8.526,-8.419,9,15.4,True,C:\my_projects_all\portfolio_projects\Msc_project\data\docking\results\CNP0229300_3_out.pdbqt,131
CNP0143957_3,CNP0143957.3,CC(=O)[C@@H]1CC[C@]2(CO)CC[C@]3(C)[C@H](CC[C@@H]4[C@@]5(C)CC[C@H](O)C(C)(C)[C@@H]5CC[C@]43C)[C@@H]12,0.3858333613510993,True,-8.541,-6.523,-6.025,9,16.7,True,C:\my_projects_all\portfolio_projects\Msc_project\data\docking\results\CNP0143957_3_out.pdbqt,132
CNP0243764_0,CNP0243764.0,O=C(O)CCC(=O)N1NC(=C2C(=O)N=c3ccc(Br)cc3=C2c2ccccc2)CC1C1=CCCC=C1,0.5385534307384381,False,-8.541,-8.267,-7.935,9,43.5,True,C:\my_projects_all\portfolio_projects\Msc_project\data\docking\results\CNP0243764_0_out.pdbqt,133
CNP0262580_1,CNP0262580.1,CC1(C)CC[C@]2(C(=O)O)CC=C3[C@]4(C)CC[C@@H]5[C@](C)([C@H](O)CC[C@]5(C)O)[C@H]4CC[C@@]3(C)[C@@H]2C1,0.3508783928580072,True,-8.54,-7.263,-6.589,9,19.1,True,C:\my_projects_all\portfolio_projects\Msc_project\data\docking\results\CNP0262580_1_out.pdbqt,134
CNP0319376_0,CNP0319376.0,COc1cc2c(-c3ccc4c(c3)OCO4)c3c(c(OC)c2c(O)c1OC)COC3=O,0.3137129358189781,True,-8.539,-8.44,-8.42,9,16.6,True,C:\my_projects_all\portfolio_projects\Msc_project\data\docking\results\CNP0319376_0_out.pdbqt,135
CNP0179686_1,CNP0179686.1,C[C@]1(CO)[C@H](O)CC[C@]2(C)C3C[C@H]4[C@H]5CC3(CC[C@@H]12)C[C@]54C,0.3147749603559215,True,-8.52,-8.358,-8.251,9,6.9,True,C:\my_projects_all\portfolio_projects\Msc_project\data\docking\results\CNP0179686_1_out.pdbqt,136
CNP0354403_1,CNP0354403.1,COc1cc2c(cc1O)C[C@H]1c3c(cc(O)c(OC)c3-2)CCN1C,0.3095734940654729,True,-8.511,-8.2,-8.133,9,9.0,True,C:\my_projects_all\portfolio_projects\Msc_project\data\docking\results\CNP0354403_1_out.pdbqt,137
CNP0200644_7,CNP0200644.7,CC1(C)CC[C@@]2(C)CC=C3[C@]4(C)CC[C@H]5C(C)(C)C(=O)CC[C@]5(C)[C@H]4CC[C@@]3(C)[C@@H]2C1,0.3427771663571685,True,-8.508,-8.137,-7.37,9,7.5,True,C:\my_projects_all\portfolio_projects\Msc_project\data\docking\results\CNP0200644_7_out.pdbqt,138
CNP0258096_0,CNP0258096.0,O=C(O)CCC(NC(=O)CC1OC(n2ccc(=O)[nH]c2=O)C(O)C1O)C(=O)O,0.5262737376633014,False,-8.501,-8.318,-8.261,9,40.3,True,C:\my_projects_all\portfolio_projects\Msc_project\data\docking\results\CNP0258096_0_out.pdbqt,139
CNP0513733_1,CNP0513733.1,COc1cc(Cc2cnc(N)nc2N)cc(OCCC[C@@H](CCC(=O)O)C(=O)O)c1Br,0.5210194864138845,False,-8.499,-8.339,-8.227,9,64.9,True,C:\my_projects_all\portfolio_projects\Msc_project\data\docking\results\CNP0513733_1_out.pdbqt,140
CNP0346315_1,CNP0346315.1,C=C[C@@]1(C)C[C@H]2CC[C@@]3(C)[C@@](C)(CC[C@@H](O)[C@]3(C)C=O)[C@]2(C)C[C@@H]1O,0.3026986657901012,True,-8.478,-7.699,-6.684,9,9.7,True,C:\my_projects_all\portfolio_projects\Msc_project\data\docking\results\CNP0346315_1_out.pdbqt,141
CNP0226538_2,CNP0226538.2,COc1ccc(C[C@H]2COc3cc(O)cc(O)c3C2=O)cc1,0.3127751916573819,True,-8.471,-8.342,-8.135,9,11.2,True,C:\my_projects_all\portfolio_projects\Msc_project\data\docking\results\CNP0226538_2_out.pdbqt,142
CNP0486618_0,CNP0486618.0,NC(N)=NCCCC(NC(=O)C(CCC(=O)O)NC(=O)C(N)Cc1c[nH]c2ccccc12)C(=O)O,0.5061604226078409,False,-8.423,-8.376,-8.35,9,121.4,True,C:\my_projects_all\portfolio_projects\Msc_project\data\docking\results\CNP0486618_0_out.pdbqt,143
CNP0215408_1,CNP0215408.1,CC(=O)OC/C=C/C(=O)C[C@@H]1[C@H](O)C[C@]2(C)[C@@H]3CC=C4[C@H](C[C@H](O)C(=O)C4(C)C)[C@@]3(C)C(=O)C[C@@]12C,0.3326372349578197,True,-8.413,-8.204,-8.073,9,42.7,True,C:\my_projects_all\portfolio_projects\Msc_project\data\docking\results\CNP0215408_1_out.pdbqt,144
CNP0485925_0,CNP0485925.0,NC(C(=O)NC(CCC(=O)O)C(=O)O)C1OC(n2ccc(=O)[nH]c2=O)C(O)C1O,0.51660592994465,False,-8.402,-8.355,-8.164,9,54.2,True,C:\my_projects_all\portfolio_projects\Msc_project\data\docking\results\CNP0485925_0_out.pdbqt,145
CNP0299272_5,CNP0299272.5,C[C@H]1[C@H](C)CC[C@]2(C)CC[C@]3(C)C(=CC[C@@H]4[C@@]5(C)CC[C@H](O)C(C)(C)[C@@H]5CC[C@]43C)[C@@H]12,0.3537397948204533,True,-8.394,-7.625,-7.096,9,9.1,True,C:\my_projects_all\portfolio_projects\Msc_project\data\docking\results\CNP0299272_5_out.pdbqt,146
CNP0476749_1,CNP0476749.1,CC(C)C[C@H](NC(=O)[C@@H](NC(=O)[C@H](CC(=O)O)NC(=O)[C@@H](N)CCC(N)=O)C(C)C)C(=O)O,0.5162826518320145,False,-8.325,-8.241,-8.057,9,103.5,True,C:\my_projects_all\portfolio_projects\Msc_project\data\docking\results\CNP0476749_1_out.pdbqt,147
CNP0346316_1,CNP0346316.1,COC/C=C/c1ccc2c(c1)[C@H](COC(C)=O)[C@H](c1ccc(OC)c(OC)c1)O2,0.3035195506472615,True,-8.303,-8.09,-7.791,9,27.8,True,C:\my_projects_all\portfolio_projects\Msc_project\data\docking\results\CNP0346316_1_out.pdbqt,148
CNP0278423_3,CNP0278423.3,CC1(C)CC[C@]2(CO)CC[C@]3(C)C(=CC[C@@H]4[C@@]5(C)CC[C@H](O)C(C)(C)[C@@H]5CC[C@]43C)[C@H]2C1,0.3554658542164853,True,-8.292,-6.778,-6.411,9,12.8,True,C:\my_projects_all\portfolio_projects\Msc_project\data\docking\results\CNP0278423_3_out.pdbqt,149
CNP0434888_1,CNP0434888.1,CC(C)C[C@H](C)C[C@H](C)/C=C/C(=O)NC1=C[C@](O)(CCCCC(=O)O)[C@@H](O)CC1=O,0.5126777630523558,False,-8.262,-7.904,-7.787,9,97.7,True,C:\my_projects_all\portfolio_projects\Msc_project\data\docking\results\CNP0434888_1_out.pdbqt,150
CNP0281748_1,CNP0281748.1,C=C1CC[C@]2(C)CC[C@]3(C)C4=CC=C5C(=CC(=O)C(O)=C5C)[C@]4(C)CC[C@@]3(C)[C@@H]2C1,0.3313932134123699,True,-8.257,-6.953,-6.874,9,9.2,True,C:\my_projects_all\portfolio_projects\Msc_project\data\docking\results\CNP0281748_1_out.pdbqt,151
CNP0346402_1,CNP0346402.1,C=C[C@]12[C@H](CC)OC(=O)C[C@H]1[C@@H]1OC(=O)C[C@H]1[C@H](OC(=O)CCO)[C@@H]2O,0.3297721867074972,True,-8.249,-7.719,-7.433,9,18.7,True,C:\my_projects_all\portfolio_projects\Msc_project\data\docking\results\CNP0346402_1_out.pdbqt,152
CNP0506960_1,CNP0506960.1,O=C(O)CC[C@@H](CCc1ccccc1)NC(=O)CCCCCCc1ccccc1,0.5032596388759285,False,-8.246,-8.12,-7.915,9,73.2,True,C:\my_projects_all\portfolio_projects\Msc_project\data\docking\results\CNP0506960_1_out.pdbqt,153
CNP0274808_4,CNP0274808.4,COC(=O)/C(=C\C[C@@H]1[C@]2(CC[C@H]3C(C)(C)[C@@H](O)CC[C@]13C)CO2)[C@H]1CO1,0.3750103046087541,True,-8.242,-7.756,-7.637,9,17.6,True,C:\my_projects_all\portfolio_projects\Msc_project\data\docking\results\CNP0274808_4_out.pdbqt,154
CNP0211238_1,CNP0211238.1,COc1ccc2c(c1O)-c1c(OCO)c(OCO)cc3c1[C@H](C2)N(C)CC3,0.3433072199454622,True,-8.224,-8.099,-7.526,9,18.2,True,C:\my_projects_all\portfolio_projects\Msc_project\data\docking\results\CNP0211238_1_out.pdbqt,155
CNP0356220_1,CNP0356220.1,CC[C@@H](C)C(=O)Nc1cc(N)c2c3c(cc(C(=O)CCO)nc13)C=N2,0.5090434683865033,False,-8.208,-8.167,-7.984,9,32.9,True,C:\my_projects_all\portfolio_projects\Msc_project\data\docking\results\CNP0356220_1_out.pdbqt,156
CNP0129182_1,CNP0129182.1,COC(=O)C[C@@]1(C/C=C(\C)CCC=C(C)C)C[C@H](O)C=CC1=O,0.3289421784390898,True,-8.182,-8.167,-8.096,9,20.5,True,C:\my_projects_all\portfolio_projects\Msc_project\data\docking\results\CNP0129182_1_out.pdbqt,157
CNP0201957_9,CNP0201957.9,CC1(C)CC[C@@]2(C)CC=C3[C@]4(C)CC[C@H]5C(C)(C)[C@@H](O)CC[C@]5(C)[C@H]4CC[C@@]3(C)[C@@H]2C1,0.3588074651005939,True,-8.163,-6.546,-5.827,9,9.0,True,C:\my_projects_all\portfolio_projects\Msc_project\data\docking\results\CNP0201957_9_out.pdbqt,158
CNP0174782_1,CNP0174782.1,C=C1CC[C@]2(C)CC[C@]3(C)C4=CC(=O)c5c(cc(O)c(O)c5C)[C@]4(C)CC[C@@]3(C)[C@@H]2C1,0.3245992428187851,True,-8.159,-7.435,-7.049,9,10.0,True,C:\my_projects_all\portfolio_projects\Msc_project\data\docking\results\CNP0174782_1_out.pdbqt,159
CNP0390589_1,CNP0390589.1,O=C(O)CC[C@H](NC(=O)CCc1c[nH]c2ccccc12)C(=O)O,0.5166986368598602,False,-8.131,-8.093,-7.961,9,26.1,True,C:\my_projects_all\portfolio_projects\Msc_project\data\docking\results\CNP0390589_1_out.pdbqt,160
CNP0490924_1,CNP0490924.1,CC(C)C[C@H](NC(=O)[C@@H](N)CC(=O)O)C(=O)N[C@@H](CC(=O)O)C(=O)N[C@@H](CCC(N)=O)C(=O)O,0.5441956628139417,False,-8.129,-7.848,-7.798,9,115.7,True,C:\my_projects_all\portfolio_projects\Msc_project\data\docking\results\CNP0490924_1_out.pdbqt,161
CNP0286524_1,CNP0286524.1,CC[C@H](C)[C@H](NC[C@@]1(O)OC[C@@H](O)[C@@H](O)[C@@H]1O)C(=O)N[C@@H](CCC(=O)O)C(=O)O,0.5449933255484667,False,-8.121,-8.025,-7.955,9,62.4,True,C:\my_projects_all\portfolio_projects\Msc_project\data\docking\results\CNP0286524_1_out.pdbqt,162
CNP0388064_1,CNP0388064.1,COc1cc2c(c(OC)c1OC)-c1ccc(N[C@@H](CC(C)C)C(=O)Nc3ccncc3)c(=O)cc1[C@@H](NC(C)=O)CC2,0.53416463427979,False,-8.076,-5.755,-5.659,9,161.9,True,C:\my_projects_all\portfolio_projects\Msc_project\data\docking\results\CNP0388064_1_out.pdbqt,163
CNP0449141_1,CNP0449141.1,CC(C)C[C@H](NC(=O)[C@H](CC(=O)O)NC(=O)[C@H](CC(C)C)NC(=O)[C@@H](N)CCC(N)=O)C(=O)O,0.5093200868763654,False,-8.011,-7.945,-7.49,9,132.3,True,C:\my_projects_all\portfolio_projects\Msc_project\data\docking\results\CNP0449141_1_out.pdbqt,164
CNP0148743_1,CNP0148743.1,C=C[C@]12COC(=O)C(=C)[C@H]1[C@@H]1OC(=O)C[C@H]1[C@H](OC(=O)CCO)[C@@H]2O,0.4017299764321975,True,-8.007,-7.402,-7.381,9,18.9,True,C:\my_projects_all\portfolio_projects\Msc_project\data\docking\results\CNP0148743_1_out.pdbqt,165
CNP0597041_0,CNP0597041.0,CC(C)CC(N)C(O)C(=O)NC(C(=O)NC(C(=O)NC(CCC(=O)O)C(=O)O)C(C)C)C(C)C,0.5599172704819871,False,-8.005,-7.683,-7.655,9,148.9,True,C:\my_projects_all\portfolio_projects\Msc_project\data\docking\results\CNP0597041_0_out.pdbqt,166
CNP0073096_1,CNP0073096.1,CCC[C@H](SSC[C@H](NC(C)=O)C(=O)O)c1cc(C)ccc1/C=C/CCCC(=O)O,0.5605748920412764,False,-7.945,-7.923,-7.91,9,88.3,True,C:\my_projects_all\portfolio_projects\Msc_project\data\docking\results\CNP0073096_1_out.pdbqt,167
CNP0160260_1,CNP0160260.1,COc1cc2c(cc1OC)[C@]13C[C@@H](OC)C=CC1=CCN3CC2,0.3138882654267688,True,-7.94,-7.547,-7.314,9,7.8,True,C:\my_projects_all\portfolio_projects\Msc_project\data\docking\results\CNP0160260_1_out.pdbqt,168
CNP0600622_0,CNP0600622.0,O=C(O)CCCC=CCC1C(=O)C=CC1C=CC(O)COc1ccccc1,0.5138588246533401,False,-7.918,-7.841,-7.73,9,71.4,True,C:\my_projects_all\portfolio_projects\Msc_project\data\docking\results\CNP0600622_0_out.pdbqt,169
CNP0330245_1,CNP0330245.1,CC(C)=CCC/C(C)=C/C[C@]1(CC(=O)O)C[C@H](O)C=CC1=O,0.3651337452145702,True,-7.914,-7.773,-7.63,9,18.1,True,C:\my_projects_all\portfolio_projects\Msc_project\data\docking\results\CNP0330245_1_out.pdbqt,170
CNP0347518_1,CNP0347518.1,CC(=O)N[C@H](CCC(=O)O)C(=O)NCCc1ccc(O)cc1,0.5230653481446921,False,-7.891,-7.679,-7.524,9,21.9,True,C:\my_projects_all\portfolio_projects\Msc_project\data\docking\results\CNP0347518_1_out.pdbqt,171
CNP0275051_1,CNP0275051.1,C=C[C@@]12COC(=O)C(=C)[C@H]1[C@@H](O)[C@H](C(=C)C(C)=O)[C@@H](OC(=O)C(=C)CO)C2,0.3392513558785358,True,-7.884,-7.844,-7.656,9,23.7,True,C:\my_projects_all\portfolio_projects\Msc_project\data\docking\results\CNP0275051_1_out.pdbqt,172
CNP0259284_0,CNP0259284.0,O=Cc1cn(C2OC(CC(=O)NC(CCC(=O)O)C(=O)O)C(O)C2O)c(=O)[nH]1,0.508797624240899,False,-7.884,-7.766,-7.594,9,71.7,True,C:\my_projects_all\portfolio_projects\Msc_project\data\docking\results\CNP0259284_0_out.pdbqt,173
CNP0219063_7,CNP0219063.7,C[C@H]1[C@H](C)CC[C@]2(C(=O)O)CC[C@]3(C)C(=CC[C@@H]4[C@@]5(C)CC[C@H](O)C(C)(C)[C@@H]5CC[C@]43C)[C@@H]12,0.3812748807834926,True,-7.876,-7.559,-7.516,9,14.8,True,C:\my_projects_all\portfolio_projects\Msc_project\data\docking\results\CNP0219063_7_out.pdbqt,174
CNP0240312_10,CNP0240312.10,C[C@H]1C(=O)CC[C@@H]2[C@@]1(C)CC[C@H]1[C@]2(C)CC[C@]2(C)[C@H]3CC(C)(C)CC[C@@]3(C)CC[C@]12C,0.3004861046026957,True,-7.865,-7.093,-6.528,9,7.4,True,C:\my_projects_all\portfolio_projects\Msc_project\data\docking\results\CNP0240312_10_out.pdbqt,175
CNP0241715_0,CNP0241715.0,NC(Cc1c[nH]c2ccccc12)C(=O)NC(CCC(=O)O)C(=O)O,0.5086981066353771,False,-7.858,-7.832,-7.83,9,47.0,True,C:\my_projects_all\portfolio_projects\Msc_project\data\docking\results\CNP0241715_0_out.pdbqt,176
CNP0346415_1,CNP0346415.1,C=C(C)O[C@H]1CC[C@]2(C)[C@@H]3CC[C@@]4(C)[C@H](CC[C@@]5(C)CC[C@H](C(=C)C)[C@H]54)[C@H]3CC[C@@H]2C1(C)C,0.3246846199636966,True,-7.85,-7.565,-7.033,9,14.8,True,C:\my_projects_all\portfolio_projects\Msc_project\data\docking\results\CNP0346415_1_out.pdbqt,177
CNP0555841_1,CNP0555841.1,CCCC[C@@H]1c2nc(N)nc3c2[C@@H](CC3)C[C@H]1CCC,0.5028661045656415,False,-7.822,-7.421,-7.18,9,15.5,True,C:\my_projects_all\portfolio_projects\Msc_project\data\docking\results\CNP0555841_1_out.pdbqt,178
CNP0098998_1,CNP0098998.1,CCCCC[C@H](O)/C=C/C(=C/CCCC[C@@H](CCC(=O)O)CCC(C)C)CCc1ccccc1,0.5084675650335917,False,-7.804,-7.673,-7.653,9,151.6,True,C:\my_projects_all\portfolio_projects\Msc_project\data\docking\results\CNP0098998_1_out.pdbqt,179
CNP0172291_0,CNP0172291.0,NCCCCC(NC(=O)C(CCC(=O)O)NC(=O)C(N)Cc1ccccc1)C(=O)O,0.5068486631289781,False,-7.792,-7.373,-7.305,9,139.4,True,C:\my_projects_all\portfolio_projects\Msc_project\data\docking\results\CNP0172291_0_out.pdbqt,180
CNP0399185_2,CNP0399185.2,COc1ccc(/C=C\C(=O)N[C@@H](CCC(=O)O)C(=O)O)cc1O,0.5467594102088668,False,-7.783,-7.742,-7.686,9,29.5,True,C:\my_projects_all\portfolio_projects\Msc_project\data\docking\results\CNP0399185_2_out.pdbqt,181
CNP0249388_4,CNP0249388.4,C[C@H]1[C@H](C)CC[C@]2(CO)CC[C@]3(C)C(=CC[C@@H]4[C@@]5(C)CC[C@H](O)C(C)(C)[C@@H]5CC[C@]43C)[C@@H]12,0.3641258127514113,True,-7.771,-7.055,-6.922,9,13.9,True,C:\my_projects_all\portfolio_projects\Msc_project\data\docking\results\CNP0249388_4_out.pdbqt,182
CNP0375657_0,CNP0375657.0,CCCCCCC1c2nc(N)nc3c2C(CC3)CC1C,0.5250414749037582,False,-7.766,-7.764,-7.718,9,10.6,True,C:\my_projects_all\portfolio_projects\Msc_project\data\docking\results\CNP0375657_0_out.pdbqt,183
CNP0346258_1,CNP0346258.1,C=C(C)[C@@]12CC[C@@H](C)[C@@H](C)[C@@H]1C1=CC[C@@]34C[C@@]35CC[C@@H](O)C(C)(C)[C@H]5CC[C@@]4(C)[C@]1(C)CC2,0.3200290451810144,True,-7.764,-5.965,-5.508,9,12.6,True,C:\my_projects_all\portfolio_projects\Msc_project\data\docking\results\CNP0346258_1_out.pdbqt,184
CNP0115082_0,CNP0115082.0,COc1c2cc3c(cc2nc2occc12)OCO3,0.3178535973305428,True,-7.717,-7.68,-7.463,9,4.4,True,C:\my_projects_all\portfolio_projects\Msc_project\data\docking\results\CNP0115082_0_out.pdbqt,185
CNP0390452_1,CNP0390452.1,COc1cccc(C(=O)Nc2ccc3c(cc2=O)[C@@H](NC(C)=O)CCc2cc(OC)c(OC)c(OC)c2-3)c1,0.5180671332285768,False,-7.699,-6.847,-6.553,9,110.0,True,C:\my_projects_all\portfolio_projects\Msc_project\data\docking\results\CNP0390452_1_out.pdbqt,186
CNP0356176_1,CNP0356176.1,O=C(O)CC[C@H](N/C=C/C1=CC(C(=O)O)=N[C@H](C(=O)O)C1)C(=O)O,0.5045132199109551,False,-7.654,-7.353,-7.2,9,41.4,True,C:\my_projects_all\portfolio_projects\Msc_project\data\docking\results\CNP0356176_1_out.pdbqt,187
CNP0225138_1,CNP0225138.1,CC(C)[C@@]1([C@H]2OC(=O)[C@@H]([C@H]3CC[C@H]4C5=CC[C@H]6C[C@@H](O[C@@H]7O[C@@H](CO)[C@H](O)[C@H](O)[C@@H]7O)CC[C@]6(C)[C@H]5CC[C@]34C)[C@@H]2O)O[C@@H]1C,0.3289887024404834,True,-7.645,-7.187,-7.155,9,90.2,True,C:\my_projects_all\portfolio_projects\Msc_project\data\docking\results\CNP0225138_1_out.pdbqt,188
CNP0186930_1,CNP0186930.1,CC(C)[C@H](NCC1(O)OCC(O)C(O)C1O)C(=O)N[C@@H](CCC(=O)O)C(=O)O,0.5321478115867876,False,-7.629,-7.458,-7.311,9,55.4,True,C:\my_projects_all\portfolio_projects\Msc_project\data\docking\results\CNP0186930_1_out.pdbqt,189
CNP0213216_5,CNP0213216.5,CC1(C)CC[C@]2(C(=O)O)CC[C@]3(C)C(=CC[C@@H]4[C@@]5(C)CC[C@H](O)C(C)(C)[C@@H]5CC[C@]43C)[C@H]2C1,0.3554310418099444,True,-7.629,-6.431,-6.395,9,13.6,True,C:\my_projects_all\portfolio_projects\Msc_project\data\docking\results\CNP0213216_5_out.pdbqt,190
CNP0346405_1,CNP0346405.1,CC(=O)[C@@]1(C)CCC[C@]2(C)[C@H]3CC[C@]4(C)C(=CC[C@@]5(C(=O)O)CCC(C)(C)C[C@H]54)[C@]3(C)CC[C@H]21,0.3037694803261012,True,-7.619,-6.449,-5.164,9,17.7,True,C:\my_projects_all\portfolio_projects\Msc_project\data\docking\results\CNP0346405_1_out.pdbqt,191
CNP0452494_1,CNP0452494.1,N[C@@H](Cc1ccccc1)C(=O)N[C@@H](CCC(=O)O)C(=O)O,0.5175464677109289,False,-7.618,-7.558,-7.491,9,27.2,True,C:\my_projects_all\portfolio_projects\Msc_project\data\docking\results\CNP0452494_1_out.pdbqt,192
CNP0522418_0,CNP0522418.0,NC(Cc1ccc(O)cc1)C(=O)NC(CCC(=O)O)C(=O)O,0.5379555531178196,False,-7.612,-7.407,-7.332,9,26.9,True,C:\my_projects_all\portfolio_projects\Msc_project\data\docking\results\CNP0522418_0_out.pdbqt,193
CNP0297358_1,CNP0297358.1,O=C(O)CC[C@@H](NC(=O)/C=C\c1ccc(O)cc1)C(=O)O,0.514136587128582,False,-7.605,-7.579,-7.431,9,36.2,True,C:\my_projects_all\portfolio_projects\Msc_project\data\docking\results\CNP0297358_1_out.pdbqt,194
CNP0228526_4,CNP0228526.4,CC1(C)CC[C@@]2(CO)CC=C3[C@]4(C)CC[C@H]5C(C)(C)[C@@H](O)CC[C@]5(C)[C@H]4CC[C@@]3(C)[C@@H]2C1,0.3706665491969426,True,-7.599,-7.582,-7.325,9,13.3,True,C:\my_projects_all\portfolio_projects\Msc_project\data\docking\results\CNP0228526_4_out.pdbqt,195
CNP0346924_0,CNP0346924.0,CC(C)CC(NC(=O)C(N)CCC(=O)O)C(=O)NC(CCCCN)C(=O)O,0.5085129714263552,False,-7.599,-7.591,-7.381,9,100.4,True,C:\my_projects_all\portfolio_projects\Msc_project\data\docking\results\CNP0346924_0_out.pdbqt,196
CNP0202071_1,CNP0202071.1,CC(=O)N[C@@H](CS[C@H](/C=C/C=C/C=C\CC(=O)O)[C@@H](O)CCCC(=O)O)C(=O)O,0.5032235984652725,False,-7.589,-7.15,-7.123,9,97.5,True,C:\my_projects_all\portfolio_projects\Msc_project\data\docking\results\CNP0202071_1_out.pdbqt,197
CNP0542071_0,CNP0542071.0,NC(=O)CCC(N)C(=O)NC(CCC(=O)O)C(=O)NC(CCCN=C(N)N)C(=O)O,0.5415074289615701,False,-7.583,-7.355,-7.223,9,76.8,True,C:\my_projects_all\portfolio_projects\Msc_project\data\docking\results\CNP0542071_0_out.pdbqt,198
CNP0269715_15,CNP0269715.15,C=C(C)[C@H]1CC[C@]2(C)CC[C@]3(C)[C@@H](CC[C@H]4[C@@]5(C)CC[C@@H](O)C(C)(C)[C@H]5CC[C@]43C)[C@H]12,0.3707836738830615,True,-7.572,-6.416,-6.156,9,10.5,True,C:\my_projects_all\portfolio_projects\Msc_project\data\docking\results\CNP0269715_15_out.pdbqt,199
CNP0317662_1,CNP0317662.1,CC(=O)CCc1cc(O)cc2c1C(=O)C[C@H](CO)O2,0.3042366175750553,True,-7.565,-7.368,-7.329,9,10.1,True,C:\my_projects_all\portfolio_projects\Msc_project\data\docking\results\CNP0317662_1_out.pdbqt,200
CNP0546082_1,CNP0546082.1,CCC(=O)N[C@H](CCC(=O)NC(CCCCN)P(=O)(O)CCC(=O)N[C@H](C)C(=O)O)C(=O)O,0.5207649379483669,False,-7.559,-7.45,-7.436,9,103.2,True,C:\my_projects_all\portfolio_projects\Msc_project\data\docking\results\CNP0546082_1_out.pdbqt,201
CNP0346270_1,CNP0346270.1,CC(=O)CCc1cc(O)cc2c1C(=O)C[C@H](C)O2,0.3098393333877872,True,-7.541,-7.439,-7.293,9,8.1,True,C:\my_projects_all\portfolio_projects\Msc_project\data\docking\results\CNP0346270_1_out.pdbqt,202
CNP0291434_1,CNP0291434.1,O=C(O)CC[C@@H](NC(=O)c1ccc(O)c(O)c1)C(=O)O,0.5823690609271166,False,-7.514,-7.455,-7.251,9,32.1,True,C:\my_projects_all\portfolio_projects\Msc_project\data\docking\results\CNP0291434_1_out.pdbqt,203
CNP0562762_0,CNP0562762.0,NCCCCC(N)C(=O)NC(CCC(=O)O)C(=O)NC(CCCN=C(N)N)C(=O)O,0.5168975431622947,False,-7.506,-7.334,-7.283,9,95.4,True,C:\my_projects_all\portfolio_projects\Msc_project\data\docking\results\CNP0562762_0_out.pdbqt,204
CNP0346475_1,CNP0346475.1,CC(C)[C@@](C)(O)[C@@H]1C2=CC[C@@H]3[C@@]4(C)C[C@H](O)[C@H](O)C(C)(C)[C@H]4CC[C@@]3(C)[C@]2(C)CC[C@]1(C)C(=O)O,0.3403204741048097,True,-7.456,-5.751,-5.575,9,28.3,True,C:\my_projects_all\portfolio_projects\Msc_project\data\docking\results\CNP0346475_1_out.pdbqt,205
CNP0262717_2,CNP0262717.2,CC1=C(O)C(=O)C=C2C1=CC=C1[C@@]2(C)CC[C@@]2(C)[C@@H]3C[C@H](CO)CC[C@]3(C)CC[C@]12C,0.3194892796542104,True,-7.427,-6.324,-6.154,9,12.2,True,C:\my_projects_all\portfolio_projects\Msc_project\data\docking\results\CNP0262717_2_out.pdbqt,206
CNP0173607_0,CNP0173607.0,CC(C)CC(N)C(=O)NC(CCC(=O)O)C(=O)NC(CCCCN)C(=O)O,0.5406676134359039,False,-7.412,-7.405,-7.335,9,62.6,True,C:\my_projects_all\portfolio_projects\Msc_project\data\docking\results\CNP0173607_0_out.pdbqt,207
CNP0561273_1,CNP0561273.1,N[C@@H](CCC(=O)O)C(=O)N[C@@H](CCC(=O)O)C(=O)N[C@@H](CCC(=O)O)C(=O)O,0.5276395119474778,False,-7.407,-7.269,-7.24,9,69.2,True,C:\my_projects_all\portfolio_projects\Msc_project\data\docking\results\CNP0561273_1_out.pdbqt,208
CNP0145538_0,CNP0145538.0,O=C(O)CCC(NC(=O)Cc1ccc(O)cc1)C(=O)O,0.5528693211783889,False,-7.399,-7.386,-7.35,9,21.2,True,C:\my_projects_all\portfolio_projects\Msc_project\data\docking\results\CNP0145538_0_out.pdbqt,209
CNP0356718_2,CNP0356718.2,COc1cc2c(cc1OC)[C@H](C)N(CCC(=O)O)CC2,0.5214806876809333,False,-7.372,-6.996,-6.95,9,10.9,True,C:\my_projects_all\portfolio_projects\Msc_project\data\docking\results\CNP0356718_2_out.pdbqt,210
CNP0346228_1,CNP0346228.1,C=C1CC[C@]2(C(=O)OC)C[C@@H]3C[C@@]34C3=CC=C5C(C)=C(O)C(=O)C(C)=C5[C@]35C[C@@H]5C[C@@]43C[C@@]23C1,0.3616893359972405,True,-7.367,-7.1,-6.239,9,14.0,True,C:\my_projects_all\portfolio_projects\Msc_project\data\docking\results\CNP0346228_1_out.pdbqt,211
CNP0361077_1,CNP0361077.1,CC(C)[C@@]1(C)[C@@H](OC(=O)C=Cc2ccccc2)[C@H]2C[C@@H](C)C[C@H]2CC(C)(C)[C@@H]1O,0.3490186163653751,True,-7.354,-7.058,-6.83,9,67.3,True,C:\my_projects_all\portfolio_projects\Msc_project\data\docking\results\CNP0361077_1_out.pdbqt,212
CNP0235898_1,CNP0235898.1,C[C@H](NC(=O)[C@H](CCC(=O)O)NC(=O)[C@@H](N)CC(N)=O)C(=O)N[C@@H](CCCCN)C(=O)O,0.5160045635732562,False,-7.326,-7.221,-7.17,9,171.3,True,C:\my_projects_all\portfolio_projects\Msc_project\data\docking\results\CNP0235898_1_out.pdbqt,213
CNP0248345_1,CNP0248345.1,COc1cc(C(=O)N[C@@H](CCC(=O)O)C(=O)O)ccc1O,0.6021673047658818,False,-7.287,-7.215,-7.154,9,32.5,True,C:\my_projects_all\portfolio_projects\Msc_project\data\docking\results\CNP0248345_1_out.pdbqt,214
CNP0346386_1,CNP0346386.1,CC1(C)C[C@@H]2[C@@]3(CC[C@]4(C)[C@@]2(CC[C@H]2[C@@]5(C)CC[C@H](O)C(C)(C)[C@@H]5CC[C@]24C)OC3)[C@@H](O)C1,0.3320162306108216,True,-7.266,-5.579,-5.222,9,12.4,True,C:\my_projects_all\portfolio_projects\Msc_project\data\docking\results\CNP0346386_1_out.pdbqt,215
CNP0346537_1,CNP0346537.1,C[C@H]1[C@@H](OC(=O)CCC(=O)O)O[C@@H]2OC3CC[C@H]4[C@H](C)CC[C@@H]1[C@@]24OO3,0.4745394544637117,True,-7.261,-7.198,-7.107,9,43.1,True,C:\my_projects_all\portfolio_projects\Msc_project\data\docking\results\CNP0346537_1_out.pdbqt,216
CNP0310488_1,CNP0310488.1,C=C1[C@@H]2CC[C@]3([C@H](C)C[C@H]4[C@@]5(CCC[C@@]4(C)C(=O)N(CCOC(C)=O)C5)[C@H]3C2)[C@H]1OC(C)=O,0.3706834085511534,True,-7.222,-6.068,-5.897,9,28.2,True,C:\my_projects_all\portfolio_projects\Msc_project\data\docking\results\CNP0310488_1_out.pdbqt,217
CNP0106602_1,CNP0106602.1,O=C(O)CC[C@@H](NC(=O)c1ccc(O)cc1)C(=O)O,0.5984428372209321,False,-7.183,-7.061,-7.03,9,27.4,True,C:\my_projects_all\portfolio_projects\Msc_project\data\docking\results\CNP0106602_1_out.pdbqt,218
CNP0347351_0,CNP0347351.0,NCCCCC(N)C(=O)NC(CCC(=O)O)C(=O)NC(CCCCN)C(=O)O,0.5039150094816123,False,-7.171,-7.103,-7.072,9,124.8,True,C:\my_projects_all\portfolio_projects\Msc_project\data\docking\results\CNP0347351_0_out.pdbqt,219
CNP0601523_0,CNP0601523.0,O=C(O)CCC(NC(CCNC(Cc1cnc[nH]1)C(=O)O)C(=O)O)C(=O)O,0.5035031720584686,False,-7.158,-7.026,-6.922,9,94.0,True,C:\my_projects_all\portfolio_projects\Msc_project\data\docking\results\CNP0601523_0_out.pdbqt,220
CNP0179921_2,CNP0179921.2,CC1=C(O)C(=O)C=C2C1=CC=C1[C@@]2(C)CC[C@@]2(C)[C@@H]3C[C@](C)(CO)CC[C@@]3(C)CC[C@]12C,0.3139604180624518,True,-7.154,-6.78,-6.629,9,11.9,True,C:\my_projects_all\portfolio_projects\Msc_project\data\docking\results\CNP0179921_2_out.pdbqt,221
CNP0186530_5,CNP0186530.5,C[C@@H]1CC[C@]2(C(=O)O)CC[C@]3(C)C(=CC[C@@H]4[C@@]5(C)C[C@@H](O)[C@@H](O)C(C)(C)[C@@H]5CC[C@]43C)[C@@H]2[C@]1(C)O,0.3670970468328897,True,-7.139,-5.948,-5.947,9,24.3,True,C:\my_projects_all\portfolio_projects\Msc_project\data\docking\results\CNP0186530_5_out.pdbqt,222
CNP0521779_0,CNP0521779.0,NC(=O)CC(N)C(=O)NC(CCC(=O)O)C(=O)NC(CCCN=C(N)N)C(=O)O,0.5332682871163575,False,-7.138,-6.997,-6.993,9,69.8,True,C:\my_projects_all\portfolio_projects\Msc_project\data\docking\results\CNP0521779_0_out.pdbqt,223
CNP0518669_0,CNP0518669.0,NC(N)=NCCCC(NC(=O)C(CC(=O)O)NC(=O)C(N)CCC(=O)O)C(=O)O,0.5183520821430411,False,-7.135,-7.051,-7.004,9,72.7,True,C:\my_projects_all\portfolio_projects\Msc_project\data\docking\results\CNP0518669_0_out.pdbqt,224
CNP0328089_3,CNP0328089.3,CC1(C)CC[C@]2(CO)C(=O)C[C@]3(C)C(=CC[C@H]4[C@@]5(C)CC[C@H](O)C(C)(C)[C@@H]5CC[C@]43C)[C@@H]2C1,0.3730467811862882,True,-7.131,-5.434,-4.467,9,13.4,True,C:\my_projects_all\portfolio_projects\Msc_project\data\docking\results\CNP0328089_3_out.pdbqt,225
CNP0208534_7,CNP0208534.7,C=C1C(=O)O[C@@H]2/C=C(/C)C(=O)/C=C\[C@@](C)(O)C[C@@H](OC(=O)C(C)C)[C@@H]12,0.3131886757886449,True,-7.118,-6.447,-6.336,9,43.9,True,C:\my_projects_all\portfolio_projects\Msc_project\data\docking\results\CNP0208534_7_out.pdbqt,226
CNP0323192_0,CNP0323192.0,COc1cc2nc3occc3c(OC)c2cc1OC,0.3179360885497922,True,-7.104,-7.017,-6.877,9,5.8,True,C:\my_projects_all\portfolio_projects\Msc_project\data\docking\results\CNP0323192_0_out.pdbqt,227
CNP0252851_4,CNP0252851.4,CC(C)(O)[C@H]1CC[C@@]2(C)[C@@H]1CC[C@]1(C)[C@@H]2CC[C@@H]2[C@@]3(C)CCC(=O)C(C)(C)[C@H]3CC[C@]21C,0.3199390677086999,True,-7.093,-6.735,-6.653,9,11.4,True,C:\my_projects_all\portfolio_projects\Msc_project\data\docking\results\CNP0252851_4_out.pdbqt,228
CNP0337944_1,CNP0337944.1,CC(=O)[C@H]1C(C)(C)C[C@@H]2C[C@H](C)C[C@@H]2[C@H](OC(=O)/C=C\c2ccccc2)[C@]1(C)C(C)C,0.3716716613652178,True,-7.087,-7.056,-6.472,9,75.9,True,C:\my_projects_all\portfolio_projects\Msc_project\data\docking\results\CNP0337944_1_out.pdbqt,229
CNP0508441_0,CNP0508441.0,CC(C)CCCCC(O)c1cc(CCCC(=O)O)no1,0.5019857590997432,False,-7.079,-7.0,-6.983,9,33.6,True,C:\my_projects_all\portfolio_projects\Msc_project\data\docking\results\CNP0508441_0_out.pdbqt,230
CNP0534557_0,CNP0534557.0,CC(O)C(N)C(=O)NC(CCC(=O)O)C(=O)NC(CCCCN)C(=O)O,0.5750240624156137,False,-7.025,-6.904,-6.895,9,98.5,True,C:\my_projects_all\portfolio_projects\Msc_project\data\docking\results\CNP0534557_0_out.pdbqt,231
CNP0199266_3,CNP0199266.3,CC1=C(O)C(=O)C=C2C1=CC=C1[C@@]2(C)CC[C@@]2(C)[C@@H]3C[C@](C)(C(=O)O)CC[C@@]3(C)CC[C@]12C,0.3268334574394636,True,-7.023,-6.368,-5.989,9,14.5,True,C:\my_projects_all\portfolio_projects\Msc_project\data\docking\results\CNP0199266_3_out.pdbqt,232
CNP0292026_1,CNP0292026.1,CC(=O)N[C@@H](CC(=O)O)C(=O)N[C@@H](CCC(=O)O)C(=O)NCCS(=O)(=O)O,0.5346455872416793,False,-7.004,-6.561,-6.494,9,47.2,True,C:\my_projects_all\portfolio_projects\Msc_project\data\docking\results\CNP0292026_1_out.pdbqt,233
CNP0145998_6,CNP0145998.6,CC(=O)O[C@H]1C[C@@H]2C(C)(C)C(=O)C=C[C@@]2(C)[C@@H]2CC[C@]3(C)[C@@H](c4ccoc4)OC(=O)[C@@H]4O[C@@]43[C@@]12C,0.3073207546811512,True,-7.003,-6.659,-5.362,9,22.1,True,C:\my_projects_all\portfolio_projects\Msc_project\data\docking\results\CNP0145998_6_out.pdbqt,234
CNP0553350_1,CNP0553350.1,COc1ccc(-c2oc3c(=O)cc4c(cc3c2CC(=O)NCCN2CCCC2=O)-c2c(cc(OC)c(OC)c2OC)CC[C@@H]4NC(C)=O)cc1,0.5061733074727262,False,-6.99,-6.126,-6.095,9,432.4,True,C:\my_projects_all\portfolio_projects\Msc_project\data\docking\results\CNP0553350_1_out.pdbqt,235
CNP0347438_0,CNP0347438.0,CC(C)C(N)C(=O)NC(CCC(=O)O)C(=O)NC(CCCCN)C(=O)O,0.5175662247683829,False,-6.981,-6.933,-6.892,9,58.3,True,C:\my_projects_all\portfolio_projects\Msc_project\data\docking\results\CNP0347438_0_out.pdbqt,236
CNP0308272_1,CNP0308272.1,COc1cc2c(c(OC)c1OC)-c1ccc(NCCCC(=O)N[C@@H](CCSC)C(=O)O)c(=O)cc1[C@@H](NC(C)=O)CC2,0.5472915846571348,False,-6.977,-6.827,-5.97,9,235.4,True,C:\my_projects_all\portfolio_projects\Msc_project\data\docking\results\CNP0308272_1_out.pdbqt,237
CNP0135187_1,CNP0135187.1,N[C@@H](CC(=O)O)C(=O)NCC(=O)N[C@@H](CCC(=O)O)C(=O)O,0.550744573705202,False,-6.975,-6.965,-6.86,9,35.3,True,C:\my_projects_all\portfolio_projects\Msc_project\data\docking\results\CNP0135187_1_out.pdbqt,238
CNP0589377_1,CNP0589377.1,N=C(N)NCCC[C@H](N)C(=O)N[C@@H](CCC(=O)O)C(=O)O,0.537903199190792,False,-6.907,-6.67,-6.519,9,31.6,True,C:\my_projects_all\portfolio_projects\Msc_project\data\docking\results\CNP0589377_1_out.pdbqt,239
CNP0365822_1,CNP0365822.1,O=C(O)CC[C@H](NC(=O)c1cncc(O)c1)C(=O)O,0.6375704496859096,False,-6.891,-6.842,-6.821,9,21.0,True,C:\my_projects_all\portfolio_projects\Msc_project\data\docking\results\CNP0365822_1_out.pdbqt,240
CNP0165529_1,CNP0165529.1,CC(=O)OC1=C[C@H](COC(=O)c2ccccc2)OC(=O)C=C1,0.3226828433080933,True,-6.879,-6.471,-6.319,9,31.1,True,C:\my_projects_all\portfolio_projects\Msc_project\data\docking\results\CNP0165529_1_out.pdbqt,241
CNP0347874_1,CNP0347874.1,COc1ccc(CN[C@@H](CCC(=O)O)C(=O)O)cc1,0.5115211766140311,False,-6.828,-6.7,-6.699,9,35.5,True,C:\my_projects_all\portfolio_projects\Msc_project\data\docking\results\CNP0347874_1_out.pdbqt,242
CNP0407282_1,CNP0407282.1,CC1(C)CC[C@]2(C(=O)O)CC[C@]3(C)C(=CC[C@H]4[C@@]5(C)C[C@H](O)[C@H](O[C@@H]6OCC[C@H](O)[C@H]6O)[C@@](C)(CO)[C@H]5CC[C@]43C)[C@@H]2C1,0.3553643291388906,True,-6.823,-3.465,-3.123,9,55.7,True,C:\my_projects_all\portfolio_projects\Msc_project\data\docking\results\CNP0407282_1_out.pdbqt,243
CNP0346521_1,CNP0346521.1,O=C(O)CCCCCCCC(=O)CCCCCCCO[C@@H]1O[C@H](CO)[C@@H](O)[C@H](O)[C@@H]1O,0.4053646801201154,True,-6.82,-6.726,-6.603,9,97.3,True,C:\my_projects_all\portfolio_projects\Msc_project\data\docking\results\CNP0346521_1_out.pdbqt,244
CNP0266005_1,CNP0266005.1,COc1cc2c(c(OC)c1OC)-c1ccc(N[C@@H](CC(C)C)C(=O)NCCCC(=O)O)c(=O)cc1[C@@H](NC(C)=O)CC2,0.5333855578521391,False,-6.81,-6.378,-6.314,9,211.9,True,C:\my_projects_all\portfolio_projects\Msc_project\data\docking\results\CNP0266005_1_out.pdbqt,245
CNP0346452_1,CNP0346452.1,C=C(CCO)C(=O)[C@@H]1C[C@@H]2C(=C)C(=O)O[C@@H]2/C=C(/C=O)CC/C=C\1C,0.3508281844666642,True,-6.8,-6.459,-6.412,9,52.2,True,C:\my_projects_all\portfolio_projects\Msc_project\data\docking\results\CNP0346452_1_out.pdbqt,246
CNP0371023_1,CNP0371023.1,CC(=O)N[C@@H](CC(=O)O)C(=O)N[C@@H](CCC(=O)O)C(=O)O,0.536822586738659,False,-6.766,-6.748,-6.532,9,26.5,True,C:\my_projects_all\portfolio_projects\Msc_project\data\docking\results\CNP0371023_1_out.pdbqt,247
CNP0514956_0,CNP0514956.0,NCCCCC(NC(=O)C(CCC(=O)O)NC(=O)C(N)CC(=O)O)C(=O)O,0.5027652233555195,False,-6.752,-6.468,-6.411,9,105.0,True,C:\my_projects_all\portfolio_projects\Msc_project\data\docking\results\CNP0514956_0_out.pdbqt,248
CNP0572184_0,CNP0572184.0,O=C(O)CCC(NC(=O)C1CC(O)CN1)C(=O)O,0.5286239485381622,False,-6.736,-6.721,-6.51,9,16.3,True,C:\my_projects_all\portfolio_projects\Msc_project\data\docking\results\CNP0572184_0_out.pdbqt,249
CNP0524897_1,CNP0524897.1,NC(=O)CC[C@H](NC(=O)[C@@H]1CCC(O)=N1)C(=O)O,0.5081147025559344,False,-6.706,-6.702,-6.682,9,19.1,True,C:\my_projects_all\portfolio_projects\Msc_project\data\docking\results\CNP0524897_1_out.pdbqt,250
CNP0541740_1,CNP0541740.1,NC(=O)CC[C@H](NC(=O)[C@@H](N)CCC(=O)O)C(=O)O,0.5170302931474727,False,-6.661,-6.446,-6.422,9,24.8,True,C:\my_projects_all\portfolio_projects\Msc_project\data\docking\results\CNP0541740_1_out.pdbqt,251
CNP0346575_1,CNP0346575.1,C=C1C(=O)CO[C@@H]2/C=C(/COC(C)=O)C/C=C(/C=O)C[C@H](OC(=O)[C@H](C)CC)[C@H]12,0.319736222864541,True,-6.639,-5.934,-5.89,9,74.0,True,C:\my_projects_all\portfolio_projects\Msc_project\data\docking\results\CNP0346575_1_out.pdbqt,252
CNP0268986_2,CNP0268986.2,NC(CCC[C@H](NC(=O)CCC(=O)O)C(=O)O)C(=O)O,0.5129025819420514,False,-6.61,-6.265,-6.221,9,52.4,True,C:\my_projects_all\portfolio_projects\Msc_project\data\docking\results\CNP0268986_2_out.pdbqt,253
CNP0329415_1,CNP0329415.1,C=C1C(=O)CO[C@@H]2/C=C(/COC(C)=O)C/C=C(/C=O)[C@@H](OC(C)=O)[C@H](OC(=O)[C@H](C)CC)[C@H]12,0.3300258574249756,True,-6.592,-5.722,-5.481,9,124.0,True,C:\my_projects_all\portfolio_projects\Msc_project\data\docking\results\CNP0329415_1_out.pdbqt,254
CNP0223449_13,CNP0223449.13,C=C(C)[C@H]1CC[C@]2(CO)CC[C@]3(C)[C@@H](CC[C@H]4[C@@]5(C)CC[C@@H](O)C(C)(C)[C@H]5CC[C@]43C)[C@H]12,0.3687357051378045,True,-6.59,-6.412,-5.724,9,15.2,True,C:\my_projects_all\portfolio_projects\Msc_project\data\docking\results\CNP0223449_13_out.pdbqt,255
CNP0420173_1,CNP0420173.1,C=C1CC[C@@]2(C(C)=O)CC[C@]3(C)C4=CC=C5C(=CC(=O)C(O)=C5C)[C@]4(C)CC[C@@]3(C)[C@@H]2C1,0.3394912276622946,True,-6.57,-6.456,-6.338,9,11.2,True,C:\my_projects_all\portfolio_projects\Msc_project\data\docking\results\CNP0420173_1_out.pdbqt,256
CNP0527793_1,CNP0527793.1,NC(=O)C[C@H](N)C(=O)N[C@@H](CCC(=O)O)C(=O)O,0.5118863336701273,False,-6.529,-6.358,-6.358,9,43.1,True,C:\my_projects_all\portfolio_projects\Msc_project\data\docking\results\CNP0527793_1_out.pdbqt,257
CNP0317571_1,CNP0317571.1,N[C@@H](CC(=O)O)C(=O)N[C@@H](CCC(=O)O)C(=O)O,0.5188999505459556,False,-6.519,-6.357,-6.279,9,22.7,True,C:\my_projects_all\portfolio_projects\Msc_project\data\docking\results\CNP0317571_1_out.pdbqt,258
CNP0346385_1,CNP0346385.1,CC1(C)CC(=O)[C@@]23CC[C@]4(C)[C@@](CC[C@H]5[C@@]6(C)CC[C@H](O)C(C)(C)[C@@H]6CC[C@]54C)(OC2)[C@@H]3C1,0.3490336341245092,True,-6.513,-6.072,-6.005,8,10.2,True,C:\my_projects_all\portfolio_projects\Msc_project\data\docking\results\CNP0346385_1_out.pdbqt,259
CNP0404459_1,CNP0404459.1,COc1cc2c(c(OC)c1OC)-c1ccc(N[C@@H](CC(C)C)C(=O)NCc3ccncc3)c(=O)cc1[C@@H](NC(C)=O)CC2,0.5144789982563975,False,-6.488,-6.431,-6.277,9,322.5,True,C:\my_projects_all\portfolio_projects\Msc_project\data\docking\results\CNP0404459_1_out.pdbqt,260
CNP0127153_17,CNP0127153.17,CC1(C)CC[C@]2(C(=O)O)CC[C@]3(C)C(=CC[C@H]4[C@@]5(C)C[C@H](O)[C@H](O)[C@@](C)(CO)[C@H]5CC[C@]43C)[C@@H]2C1,0.3345493609312822,True,-6.487,-6.382,-4.204,9,24.1,True,C:\my_projects_all\portfolio_projects\Msc_project\data\docking\results\CNP0127153_17_out.pdbqt,261
CNP0346449_0,CNP0346449.0,CC(C)CC(N)C(=O)NC(CCC(=O)O)C(=O)O,0.5591706211259272,False,-6.423,-6.335,-6.286,9,32.5,True,C:\my_projects_all\portfolio_projects\Msc_project\data\docking\results\CNP0346449_0_out.pdbqt,262
CNP0347264_1,CNP0347264.1,CC(C)[C@H](N)C(=O)N[C@@H](CCC(=O)O)C(=O)O,0.5307784000266323,False,-6.418,-6.263,-6.228,9,16.3,True,C:\my_projects_all\portfolio_projects\Msc_project\data\docking\results\CNP0347264_1_out.pdbqt,263
CNP0215656_2,CNP0215656.2,COc1cc2c(c(OC)c1OC)-c1ccc(OC)c(=O)cc1[C@H](NC(C)=O)CC2,0.419904250724987,True,-6.408,-5.753,-5.509,9,97.8,True,C:\my_projects_all\portfolio_projects\Msc_project\data\docking\results\CNP0215656_2_out.pdbqt,264
CNP0454820_0,CNP0454820.0,CCc1c(OC)cc(OCCCCC(=O)O)cc1OC,0.5205603727613994,False,-6.406,-6.351,-6.294,9,18.1,True,C:\my_projects_all\portfolio_projects\Msc_project\data\docking\results\CNP0454820_0_out.pdbqt,265
CNP0577529_1,CNP0577529.1,C[C@@H](O)[C@H](N)C(=O)N[C@@H](CCC(=O)O)C(=O)O,0.5941457876596448,False,-6.395,-6.35,-6.331,9,31.8,True,C:\my_projects_all\portfolio_projects\Msc_project\data\docking\results\CNP0577529_1_out.pdbqt,266
CNP0513451_1,CNP0513451.1,COC(=O)CNC(=O)Cc1c(-c2ccc(OC)cc2)oc2c(=O)cc3c(cc12)-c1c(cc(OC)c(OC)c1OC)CC[C@@H]3NC(C)=O,0.5146981093452689,False,-6.383,-6.218,-5.695,9,408.2,True,C:\my_projects_all\portfolio_projects\Msc_project\data\docking\results\CNP0513451_1_out.pdbqt,267
CNP0311031_1,CNP0311031.1,COc1cc2c(c(OC)c1OC)-c1ccc(N[C@@H](CC(C)C)C(=O)N[C@@H](CCSC)C(=O)O)c(=O)cc1[C@@H](NC(C)=O)CC2,0.5183241588817713,False,-6.378,-5.923,-5.385,9,259.2,True,C:\my_projects_all\portfolio_projects\Msc_project\data\docking\results\CNP0311031_1_out.pdbqt,268
CNP0329551_1,CNP0329551.1,CC1(C)CC(=O)[C@@]23CC[C@]4(C)[C@@](CC[C@H]5[C@@]6(C)CCC(=O)C(C)(C)[C@@H]6CC[C@]54C)(OC2)[C@@H]3C1,0.3443780876123194,True,-6.368,-5.717,-5.499,9,8.1,True,C:\my_projects_all\portfolio_projects\Msc_project\data\docking\results\CNP0329551_1_out.pdbqt,269
CNP0142238_1,CNP0142238.1,COc1cc2c(c(OC)c1OC)-c1ccc(N[C@@H](CCSC)C(=O)NCCCCCC(=O)O)c(=O)cc1[C@@H](NC(C)=O)CC2,0.5448509374499476,False,-6.322,-6.251,-6.085,9,289.2,True,C:\my_projects_all\portfolio_projects\Msc_project\data\docking\results\CNP0142238_1_out.pdbqt,270
CNP0507917_1,CNP0507917.1,N[C@@H](CCC(=O)O)C(=O)N[C@@H](CS)C(=O)N[C@@H](CS)C(=O)O,0.5393163406793077,False,-6.287,-6.246,-6.221,9,39.9,True,C:\my_projects_all\portfolio_projects\Msc_project\data\docking\results\CNP0507917_1_out.pdbqt,271
CNP0145099_1,CNP0145099.1,O=C(O)CC[C@H](NC(=O)C(=O)C(=O)O)C(=O)O,0.5200365421731576,False,-6.271,-6.006,-5.962,9,19.3,True,C:\my_projects_all\portfolio_projects\Msc_project\data\docking\results\CNP0145099_1_out.pdbqt,272
CNP0370068_5,CNP0370068.5,COC(=O)[C@]1(C)CC[C@@]2(C)CC[C@]3(C)C4=CC=C5C(=CC(=O)C(O)=C5C)[C@]4(C)CC[C@@]3(C)[C@@H]2C1,0.3213073483931788,True,-6.228,-6.172,-5.816,9,16.7,True,C:\my_projects_all\portfolio_projects\Msc_project\data\docking\results\CNP0370068_5_out.pdbqt,273
CNP0226572_14,CNP0226572.14,C=C(C)[C@H]1CC[C@]2(C(=O)O)CC[C@]3(C)[C@@H](CC[C@H]4[C@@]5(C)CC[C@@H](O)C(C)(C)[C@H]5CC[C@]43C)[C@H]12,0.4029824572209471,True,-6.218,-5.915,-5.104,9,19.6,True,C:\my_projects_all\portfolio_projects\Msc_project\data\docking\results\CNP0226572_14_out.pdbqt,274
CNP0175281_0,CNP0175281.0,CC#CC#CC#Cc1cc(Cl)ccc1OC,0.3177166740056759,True,-6.211,-6.198,-6.185,9,6.4,True,C:\my_projects_all\portfolio_projects\Msc_project\data\docking\results\CNP0175281_0_out.pdbqt,275
CNP0216314_0,CNP0216314.0,CCCCCCCCCCCCCCCCCCCCCCC(=O)O,0.4052689600672068,True,-6.16,-5.979,-5.871,9,69.8,True,C:\my_projects_all\portfolio_projects\Msc_project\data\docking\results\CNP0216314_0_out.pdbqt,276
CNP0251490_2,CNP0251490.2,NC(=O)N[C@@H](CCC(=O)O)C(=O)O,0.5191940246334935,False,-6.147,-5.73,-5.593,9,9.5,True,C:\my_projects_all\portfolio_projects\Msc_project\data\docking\results\CNP0251490_2_out.pdbqt,277
CNP0167288_1,CNP0167288.1,COC(=O)C(C(=O)OC)[C@H]1C(C)(C)[C@H](O)[C@@H]2C(=O)[C@@]1(C)[C@@H]1CC[C@]3(C)C(=C21)CC(=O)O[C@H]3c1ccoc1,0.3528371617627625,True,-6.137,-5.862,-5.461,9,34.3,True,C:\my_projects_all\portfolio_projects\Msc_project\data\docking\results\CNP0167288_1_out.pdbqt,278
CNP0152678_1,CNP0152678.1,COC(=O)[C@H](CC(C)C)NC(=O)CCCNc1ccc2c(cc1=O)[C@@H](NC(C)=O)CCc1cc(OC)c(OC)c(OC)c1-2,0.5194940777230184,False,-6.117,-5.894,-5.821,9,210.6,True,C:\my_projects_all\portfolio_projects\Msc_project\data\docking\results\CNP0152678_1_out.pdbqt,279
CNP0082861_1,CNP0082861.1,CC(=O)N[C@@H](CCCC(=O)O)C(=O)O,0.503231169549957,False,-6.077,-6.071,-5.905,9,16.9,True,C:\my_projects_all\portfolio_projects\Msc_project\data\docking\results\CNP0082861_1_out.pdbqt,280
CNP0229936_1,CNP0229936.1,COc1cc2c(c(OC)c1OC)-c1ccc(N[C@@H](CC(C)C)C(=O)NC(C)C)c(=O)cc1[C@@H](NC(C)=O)CC2,0.5072133860753776,False,-6.008,-5.796,-5.447,9,199.0,True,C:\my_projects_all\portfolio_projects\Msc_project\data\docking\results\CNP0229936_1_out.pdbqt,281
CNP0375372_1,CNP0375372.1,COc1cc2c(c(OC)c1OC)-c1ccc(N[C@@H](CCSC)C(=O)Nc3ccc(O)cc3)c(=O)cc1[C@@H](NC(C)=O)CC2,0.5096763896956009,False,-6.006,-5.502,-5.352,9,325.8,True,C:\my_projects_all\portfolio_projects\Msc_project\data\docking\results\CNP0375372_1_out.pdbqt,282
CNP0321708_1,CNP0321708.1,C=C(C)[C@H]1CC[C@]2(C)CC[C@]3(C)[C@@H](CC[C@H]4[C@@]5(C)CC[C@@H](CC(=O)O)C(C)(C)[C@H]5CC[C@]43C)[C@H]12,0.4161098762984066,True,-5.981,-5.441,-5.39,9,28.7,True,C:\my_projects_all\portfolio_projects\Msc_project\data\docking\results\CNP0321708_1_out.pdbqt,283
CNP0218101_3,CNP0218101.3,CC1(C)CC[C@]2(CO)[C@H](O)C[C@]3(C)C(=CC[C@H]4[C@@]5(C)CC[C@H](O)C(C)(C)[C@@H]5CC[C@]43C)[C@@H]2C1,0.3853938956279498,True,-5.939,-4.973,-4.75,9,15.9,True,C:\my_projects_all\portfolio_projects\Msc_project\data\docking\results\CNP0218101_3_out.pdbqt,284
CNP0028649_0,CNP0028649.0,N=C(N)NC(CCC(=O)O)C(=O)O,0.5340304156876952,False,-5.924,-5.648,-5.532,9,9.5,True,C:\my_projects_all\portfolio_projects\Msc_project\data\docking\results\CNP0028649_0_out.pdbqt,285
CNP0409656_1,CNP0409656.1,COc1cc2c(c(OC)c1OC)-c1ccc(NCCCC(=O)NCCC(=O)O)c(=O)cc1[C@@H](NC(C)=O)CC2,0.5133014399439648,False,-5.898,-5.723,-5.597,9,342.6,True,C:\my_projects_all\portfolio_projects\Msc_project\data\docking\results\CNP0409656_1_out.pdbqt,286
CNP0301865_0,CNP0301865.0,CC(O)C(=O)NC(CCC(=O)O)C(=O)O,0.5235160329466646,False,-5.845,-5.838,-5.831,9,12.8,True,C:\my_projects_all\portfolio_projects\Msc_project\data\docking\results\CNP0301865_0_out.pdbqt,287
CNP0561649_0,CNP0561649.0,NC(CS)C(=O)NC(CCC(=O)O)C(=O)O,0.5543416595677852,False,-5.835,-5.614,-5.532,9,19.0,True,C:\my_projects_all\portfolio_projects\Msc_project\data\docking\results\CNP0561649_0_out.pdbqt,288
CNP0540797_1,CNP0540797.1,N[C@@H](CO)C(=O)N[C@@H](CCC(=O)O)C(=O)O,0.5219158841926551,False,-5.8,-5.797,-5.753,9,18.1,True,C:\my_projects_all\portfolio_projects\Msc_project\data\docking\results\CNP0540797_1_out.pdbqt,289
CNP0335132_1,CNP0335132.1,C=C1[C@@H]2C[C@@]3(C)[C@H](c4ccoc4)OC(=O)C[C@]13O[C@H]1[C@@H](OC(C)=O)[C@@H](CO)C(C)(C)O[C@H](C=O)[C@H]12,0.3355850329166617,True,-5.782,-3.968,-3.59,9,105.9,True,C:\my_projects_all\portfolio_projects\Msc_project\data\docking\results\CNP0335132_1_out.pdbqt,290
CNP0508323_1,CNP0508323.1,COc1ccc(-c2oc3c(=O)cc4c(cc3c2CC(=O)NCC(OC)OC)-c2c(cc(OC)c(OC)c2OC)CC[C@@H]4NC(C)=O)cc1,0.5096104913788654,False,-5.769,-5.321,-4.822,9,388.8,True,C:\my_projects_all\portfolio_projects\Msc_project\data\docking\results\CNP0508323_1_out.pdbqt,291
CNP0165837_1,CNP0165837.1,COC(=O)[C@H](CCSC)NC(=O)[C@H](C)Nc1ccc2c(cc1=O)[C@@H](NC(C)=O)CCc1cc(OC)c(OC)c(OC)c1-2,0.5098712243446429,False,-5.722,-5.524,-5.124,9,468.6,True,C:\my_projects_all\portfolio_projects\Msc_project\data\docking\results\CNP0165837_1_out.pdbqt,292
CNP0346515_0,CNP0346515.0,O=C(O)CCCCCCC(=O)CCCCCCCCO,0.3552289585825324,True,-5.712,-5.664,-5.624,9,36.7,True,C:\my_projects_all\portfolio_projects\Msc_project\data\docking\results\CNP0346515_0_out.pdbqt,293
CNP0347597_0,CNP0347597.0,NCC(=O)NC(CCC(=O)O)C(=O)O,0.5624572351090233,False,-5.69,-5.615,-5.54,9,20.9,True,C:\my_projects_all\portfolio_projects\Msc_project\data\docking\results\CNP0347597_0_out.pdbqt,294
CNP0346281_1,CNP0346281.1,C=C(C)[C@@H]1CC[C@]2(C(=O)O)CC[C@@]3(C)[C@@H](CC[C@H]4[C@@]5(C)CC[C@H](O)C(C)(C)[C@H]5CC[C@]43C)[C@]12C,0.3422552114955697,True,-5.677,-5.232,-5.103,9,19.4,True,C:\my_projects_all\portfolio_projects\Msc_project\data\docking\results\CNP0346281_1_out.pdbqt,295
CNP0271135_1,CNP0271135.1,CC(=O)N[C@@H](CCC(=O)C1N=N1)C(=O)O,0.5000833504074574,False,-5.676,-5.597,-5.522,9,15.8,True,C:\my_projects_all\portfolio_projects\Msc_project\data\docking\results\CNP0271135_1_out.pdbqt,296
CNP0124986_1,CNP0124986.1,CC(=O)N[C@@H](CCC(=O)O)C(=O)O,0.5275403899393588,False,-5.504,-5.378,-5.373,9,8.8,True,C:\my_projects_all\portfolio_projects\Msc_project\data\docking\results\CNP0124986_1_out.pdbqt,297
CNP0293849_1,CNP0293849.1,CC(=O)O[C@@H]1CC[C@]23C[C@]24CC[C@@H]2[C@H]5[C@H](C)[C@H](C)CC[C@@]5(C)CC[C@@]2(C)[C@]4(C)CC[C@@H]3C1(C)C,0.3758662566425837,True,-5.301,-5.243,-5.155,9,13.6,True,C:\my_projects_all\portfolio_projects\Msc_project\data\docking\results\CNP0293849_1_out.pdbqt,298
CNP0364202_1,CNP0364202.1,C=C1C(=O)O[C@@H]2/C=C3\CC[C@]4(O)O[C@]4(C[C@H](O[C@@H](O)C(=C)CO)[C@H]12)[C@H](O)OC3,0.3031511525164664,True,-4.982,-4.974,-4.593,9,111.6,True,C:\my_projects_all\portfolio_projects\Msc_project\data\docking\results\CNP0364202_1_out.pdbqt,299
CNP0346508_1,CNP0346508.1,C=C1[C@H]2CC[C@@]3(C)[C@H](c4ccoc4)CC(=O)[C@@H](OC(C)=O)[C@@]13O[C@H]1[C@@H](OCCCCC(=O)O)[C@@H](O)C(C)(C)[C@@H](CC(=O)OC)[C@@]21C,0.4422160054155227,True,-3.039,-2.92,-2.438,5,228.0,True,C:\my_projects_all\portfolio_projects\Msc_project\data\docking\results\CNP0346508_1_out.pdbqt,300
